Date,Open,High,Low,Close,Adj Close,Volume
12/05/2015,1194.599976,1194.800049,1189.699951,1192.599976,1192.599976,26
13/05/2015,1192.699951,1218.400024,1191,1218.400024,1218.400024,10
14/05/2015,1214.5,1225.599976,1214.5,1225.400024,1225.400024,34
15/05/2015,1218.5,1225.5,1214.800049,1225.5,1225.5,35
18/05/2015,1224.5,1228.099976,1222.599976,1227.800049,1227.800049,12
19/05/2015,1223.900024,1223.900024,1206,1206.900024,1206.900024,8
20/05/2015,1205.099976,1210.800049,1205.099976,1208.900024,1208.900024,9
21/05/2015,1204.5,1204.5,1203.699951,1204.400024,1204.400024,11
22/05/2015,1211.599976,1211.900024,1204.300049,1204.300049,1204.300049,43
26/05/2015,1193.599976,1193.599976,1186,1187.199951,1187.199951,8
27/05/2015,1185.900024,1185.900024,1185.900024,1185.900024,1185.900024,40
28/05/2015,1187.099976,1192,1179.599976,1188.099976,1188.099976,200216
29/05/2015,1187.800049,1193.300049,1185.699951,1189.400024,1189.400024,52705
1/06/2015,1190.599976,1204,1184.300049,1188.300049,1188.300049,4748
2/06/2015,1189,1194.300049,1186,1194.099976,1194.099976,1236
3/06/2015,1193.900024,1193.900024,1179.099976,1184.699951,1184.699951,1003
4/06/2015,1184.900024,1185.300049,1173,1174.900024,1174.900024,630
5/06/2015,1176.400024,1177.300049,1164,1167.800049,1167.800049,447
8/06/2015,1169.5,1176.099976,1169.099976,1173.199951,1173.199951,390
9/06/2015,1172.900024,1180.300049,1172.699951,1177.300049,1177.300049,173
10/06/2015,1176.099976,1190.099976,1175.599976,1186.099976,1186.099976,144
11/06/2015,1183.199951,1183.199951,1174.400024,1179.900024,1179.900024,295
12/06/2015,1180.400024,1181.199951,1176.199951,1178.800049,1178.800049,69
15/06/2015,1179.900024,1188.5,1172.699951,1185.300049,1185.300049,141
16/06/2015,1186.5,1186.5,1175.900024,1180.5,1180.5,102
17/06/2015,1177.599976,1186.300049,1174.900024,1176.400024,1176.400024,29
18/06/2015,1183.400024,1202,1183.400024,1201.5,1201.5,168
19/06/2015,1199.699951,1203.099976,1199.699951,1201.5,1201.5,130
22/06/2015,1197.800049,1197.800049,1182.699951,1183.699951,1183.699951,142
23/06/2015,1183.800049,1186,1176.199951,1176.199951,1176.199951,30
24/06/2015,1176.599976,1176.599976,1170.699951,1172.599976,1172.599976,60
25/06/2015,1175.800049,1175.900024,1171.5,1171.5,1171.5,263
26/06/2015,1170.5,1172.900024,1170.5,1172.900024,1172.900024,95
29/06/2015,1185.099976,1186,1173.800049,1178.5,1178.5,308
30/06/2015,1176.300049,1176.400024,1166.599976,1171.5,1171.5,174
1/07/2015,1173.099976,1173.099976,1166.599976,1169,1169,223
2/07/2015,1166.400024,1168.099976,1155.5,1163,1163,455
6/07/2015,1171.099976,1173,1162.199951,1172.900024,1172.900024,316
7/07/2015,1166.800049,1166.800049,1149.5,1152.400024,1152.400024,634
8/07/2015,1152.599976,1163.300049,1146.400024,1163.300049,1163.300049,469
9/07/2015,1154.800049,1163.599976,1154.800049,1159,1159,65
10/07/2015,1160.099976,1161.400024,1157.5,1157.699951,1157.699951,65
13/07/2015,1159,1159,1151.199951,1155.199951,1155.199951,27
14/07/2015,1157.199951,1157.199951,1153,1153.300049,1153.300049,14
15/07/2015,1154,1154,1144.800049,1147.199951,1147.199951,39
16/07/2015,1146.199951,1146.199951,1142.900024,1143.800049,1143.800049,15
17/07/2015,1144,1144,1130.199951,1131.800049,1131.800049,14
20/07/2015,1130.400024,1130.699951,1095.099976,1106.699951,1106.699951,120
21/07/2015,1097.099976,1106.400024,1097.099976,1103.400024,1103.400024,189
22/07/2015,1093,1095,1086,1091.400024,1091.400024,118
23/07/2015,1097.400024,1097.599976,1087.800049,1094,1094,46
24/07/2015,1078.599976,1100.699951,1078.599976,1085.599976,1085.599976,64
27/07/2015,1100,1102.5,1093.900024,1096.5,1096.5,52
28/07/2015,1097.199951,1097.699951,1096.300049,1096.300049,1096.300049,19
29/07/2015,1096.400024,1096.900024,1092.699951,1092.699951,1092.699951,31
30/07/2015,1096.099976,1097.5,1081,1088.400024,1088.400024,159142
31/07/2015,1087.699951,1102.800049,1079.099976,1094.900024,1094.900024,49298
3/08/2015,1095.5,1097.099976,1085,1089.400024,1089.400024,5700
4/08/2015,1085.099976,1093.900024,1080.5,1090.699951,1090.699951,2418
5/08/2015,1086.5,1090.599976,1082.5,1085.699951,1085.699951,1139
6/08/2015,1084.400024,1092.199951,1083.599976,1090.199951,1090.199951,1207
7/08/2015,1088.900024,1098.300049,1081.699951,1094.099976,1094.099976,269
10/08/2015,1093.199951,1107.599976,1089.5,1104.199951,1104.199951,614
11/08/2015,1103.800049,1116.699951,1094,1107.599976,1107.599976,900
12/08/2015,1106,1124.5,1101.5,1123.199951,1123.199951,997
13/08/2015,1124.300049,1124.300049,1113,1115.699951,1115.699951,797
14/08/2015,1113.900024,1118.800049,1112.5,1112.900024,1112.900024,441
17/08/2015,1113.800049,1122,1113.800049,1118.599976,1118.599976,908
18/08/2015,1118.199951,1118.400024,1110,1117.099976,1117.099976,399
19/08/2015,1117,1134.300049,1116.800049,1128.099976,1128.099976,475
20/08/2015,1132.800049,1153.300049,1132.800049,1153,1153,348
21/08/2015,1154.099976,1166.5,1150.5,1159.599976,1159.599976,409
24/08/2015,1164,1169,1147.5,1153.400024,1153.400024,261
25/08/2015,1151.5,1155.5,1134,1138.199951,1138.199951,299
26/08/2015,1139.199951,1143,1119.599976,1124.599976,1124.599976,217
27/08/2015,1127.199951,1127.400024,1118.400024,1122.400024,1122.400024,116
28/08/2015,1125.300049,1139,1123.599976,1133.099976,1133.099976,564
31/08/2015,1131.099976,1134,1124.800049,1131.599976,1131.599976,279
1/09/2015,1133.5,1144.699951,1133.5,1138.699951,1138.699951,194
2/09/2015,1137.300049,1140.400024,1130.800049,1132.5,1132.5,375
3/09/2015,1130.300049,1132.900024,1120.300049,1123.699951,1123.699951,201
4/09/2015,1123.400024,1125.199951,1116.199951,1120.599976,1120.599976,122
8/09/2015,1119.800049,1124.300049,1116.400024,1120.400024,1120.400024,51
9/09/2015,1123.5,1123.5,1102.099976,1102.199951,1102.199951,138
10/09/2015,1107.300049,1113.5,1105.5,1109.5,1109.5,150
11/09/2015,1110.800049,1111.699951,1098.199951,1103.5,1103.5,56
14/09/2015,1107.800049,1108.599976,1104.099976,1107.699951,1107.699951,81
15/09/2015,1104.5,1104.5,1102.800049,1102.800049,1102.800049,19
16/09/2015,1109.800049,1119.900024,1109.800049,1119.199951,1119.199951,8
17/09/2015,1118.599976,1130.5,1117.099976,1117.300049,1117.300049,31
18/09/2015,1128.300049,1141.199951,1127.800049,1138.099976,1138.099976,14
21/09/2015,1137.599976,1138.5,1130.800049,1133.099976,1133.099976,59
22/09/2015,1132.599976,1135,1122.5,1125,1125,17
23/09/2015,1128.599976,1132.199951,1128.300049,1131.599976,1131.599976,43
24/09/2015,1133,1155.900024,1133,1153.800049,1153.800049,33
25/09/2015,1149.800049,1149.800049,1143.400024,1146,1146,37
28/09/2015,1133.199951,1133.199951,1132,1132,1132,56
29/09/2015,1132.199951,1134.400024,1124.300049,1127.099976,1127.099976,4346
30/09/2015,1124.300049,1126,1112.099976,1115.5,1115.5,2417
1/10/2015,1115.199951,1119,1113.300049,1114.199951,1114.199951,865
2/10/2015,1112.199951,1141.199951,1105.800049,1137.099976,1137.099976,1181
5/10/2015,1137.099976,1141.699951,1132.5,1138.099976,1138.099976,323
6/10/2015,1136.300049,1150,1136.300049,1146.800049,1146.800049,226
7/10/2015,1147.599976,1152.900024,1143,1149,1149,145
8/10/2015,1142.699951,1146.699951,1138.699951,1144.699951,1144.699951,104
9/10/2015,1151.599976,1157.199951,1151.599976,1156.300049,1156.300049,138
12/10/2015,1155.900024,1166.800049,1155.900024,1164.900024,1164.900024,22
13/10/2015,1163.5,1166.199951,1154.900024,1165.800049,1165.800049,40
14/10/2015,1172.400024,1189,1167.300049,1180.099976,1180.099976,132
15/10/2015,1184.199951,1188.300049,1177.800049,1187.900024,1187.900024,143
16/10/2015,1182.5,1184.099976,1176.199951,1183.599976,1183.599976,143
19/10/2015,1176.5,1177.800049,1169.300049,1173.300049,1173.300049,243
20/10/2015,1168.699951,1179.099976,1168.699951,1178,1178,62
21/10/2015,1175.900024,1176.400024,1164.900024,1167.599976,1167.599976,19
22/10/2015,1166.199951,1168.599976,1163.5,1166.599976,1166.599976,41
23/10/2015,1166.199951,1178.699951,1163.300049,1163.300049,1163.300049,48
26/10/2015,1165.099976,1170,1163.800049,1167,1167,38
27/10/2015,1164.5,1166.800049,1162,1166.800049,1166.800049,176
28/10/2015,1175.099976,1182.699951,1175.099976,1177.099976,1177.099976,302
29/10/2015,1158,1162,1144.900024,1147.199951,1147.199951,217
30/10/2015,1147.5,1147.599976,1139.199951,1141.5,1141.5,329
2/11/2015,1137.900024,1138.699951,1132.599976,1135.800049,1135.800049,249
3/11/2015,1133.300049,1134.699951,1114.199951,1114.199951,1114.199951,180
4/11/2015,1119,1121.900024,1106.5,1106.5,1106.5,185
5/11/2015,1107.900024,1110.699951,1104.400024,1104.400024,1104.400024,141
6/11/2015,1105.199951,1109.5,1084.800049,1087.599976,1087.599976,84
9/11/2015,1088.599976,1088.599976,1087.900024,1087.900024,1087.900024,78
10/11/2015,1090.099976,1091.300049,1085,1088.199951,1088.199951,5
11/11/2015,1091.400024,1091.400024,1084.199951,1084.699951,1084.699951,18
12/11/2015,1086,1086.599976,1080.800049,1080.800049,1080.800049,15
13/11/2015,1083.099976,1085.900024,1080.800049,1080.800049,1080.800049,4
16/11/2015,1092,1092.400024,1083.699951,1083.699951,1083.699951,23
17/11/2015,1075.5,1075.800049,1065.099976,1068.699951,1068.699951,11
18/11/2015,1064,1071.900024,1064,1068.800049,1068.800049,6
19/11/2015,1077.400024,1082.400024,1077.400024,1078,1078,5
20/11/2015,1082.900024,1082.900024,1076.400024,1076.400024,1076.400024,10
23/11/2015,1070,1071.5,1066.800049,1066.800049,1066.800049,5
24/11/2015,1073.199951,1079.400024,1073.199951,1074.300049,1074.300049,57
25/11/2015,1070.199951,1072,1068.5,1070.5,1070.5,222
27/11/2015,1070.699951,1074.199951,1051.099976,1056.199951,1056.199951,148662
30/11/2015,1056.5,1068.400024,1052.099976,1065.800049,1065.800049,52133
1/12/2015,1064.599976,1074.599976,1063.400024,1063.800049,1063.800049,4601
2/12/2015,1068.699951,1069.5,1049.599976,1054.199951,1054.199951,3441
3/12/2015,1054.400024,1064.599976,1046.199951,1061.699951,1061.699951,503
4/12/2015,1063,1088.800049,1058.699951,1084.5,1084.5,1161
7/12/2015,1084.900024,1086.5,1067.400024,1076.400024,1076.400024,889
8/12/2015,1071,1078.400024,1069.599976,1076.300049,1076.300049,656
9/12/2015,1075.099976,1086,1070.599976,1077.599976,1077.599976,306
10/12/2015,1073,1076.300049,1071.699951,1073.099976,1073.099976,386
11/12/2015,1067.800049,1079.400024,1064.400024,1076.900024,1076.900024,226
14/12/2015,1074,1076.699951,1060,1064.699951,1064.699951,410
15/12/2015,1064.599976,1066.199951,1061.800049,1062.900024,1062.900024,509
16/12/2015,1064.800049,1078.699951,1064.300049,1078,1078,220
17/12/2015,1072.599976,1072.599976,1050.5,1050.800049,1050.800049,81
18/12/2015,1053.699951,1070.300049,1052.699951,1066.199951,1066.199951,56
21/12/2015,1070.199951,1081.900024,1070.199951,1081.900024,1081.900024,253
22/12/2015,1078.599976,1078.599976,1073.800049,1074.800049,1074.800049,26
23/12/2015,1074.5,1074.800049,1069.400024,1069.400024,1069.400024,106
24/12/2015,1074.300049,1077.800049,1073.5,1077.199951,1077.199951,202
28/12/2015,1077.900024,1098.800049,1070.5,1070.5,1070.5,24
29/12/2015,1079.099976,1079.699951,1077.5,1077.5,1077.5,361
30/12/2015,1068.599976,1070.199951,1059.699951,1060.099976,1060.099976,252
31/12/2015,1061.900024,1062,1058.5,1060.300049,1060.300049,71
4/01/2016,1063.400024,1082.5,1063.199951,1075.099976,1075.099976,10
5/01/2016,1075.599976,1081.5,1075.300049,1078.400024,1078.400024,143
6/01/2016,1081.599976,1093.699951,1081.599976,1091.900024,1091.900024,82
7/01/2016,1091.599976,1109.400024,1091.599976,1107.699951,1107.699951,52
8/01/2016,1111.099976,1111.099976,1093,1097.800049,1097.800049,122
11/01/2016,1105.699951,1107.900024,1096.5,1096.5,1096.5,98
12/01/2016,1093.800049,1098.5,1084,1085.599976,1085.599976,43
13/01/2016,1081.5,1093.900024,1081.5,1087.5,1087.5,87
14/01/2016,1091.5,1091.5,1073.699951,1073.900024,1073.900024,50
15/01/2016,1085,1095.800049,1081.800049,1091.5,1091.5,59
19/01/2016,1089.800049,1094.400024,1084.900024,1089.900024,1089.900024,44
20/01/2016,1099.800049,1109.800049,1099.800049,1107.099976,1107.099976,17
21/01/2016,1103.599976,1103.599976,1094.099976,1099.099976,1099.099976,30
22/01/2016,1098,1103.199951,1097.199951,1097.199951,1097.199951,16
25/01/2016,1099.300049,1109.300049,1099.300049,1106.199951,1106.199951,4
26/01/2016,1115.099976,1121.699951,1114.300049,1121.699951,1121.699951,8
27/01/2016,1117.800049,1117.800049,1115.800049,1116.099976,1116.099976,181
28/01/2016,1125.400024,1125.699951,1109.800049,1115.599976,1115.599976,168706
29/01/2016,1114.400024,1118.599976,1108.800049,1116.400024,1116.400024,52861
1/02/2016,1116.699951,1130,1115.300049,1127.900024,1127.900024,6955
2/02/2016,1128.300049,1131.400024,1123,1127.300049,1127.300049,1682
3/02/2016,1128.5,1146,1125,1141.300049,1141.300049,1230
4/02/2016,1142.5,1157.599976,1141,1157.599976,1157.599976,1630
5/02/2016,1155.599976,1174.800049,1146,1157.800049,1157.800049,771
8/02/2016,1173.5,1200.400024,1165,1197.900024,1197.900024,877
9/02/2016,1188.699951,1199.199951,1186.699951,1198.699951,1198.699951,931
10/02/2016,1189.800049,1197.699951,1182.099976,1194.699951,1194.699951,700
11/02/2016,1205.599976,1260.800049,1204.599976,1247.900024,1247.900024,671
12/02/2016,1247.800049,1247.800049,1233.5,1239.099976,1239.099976,995
16/02/2016,1233.099976,1233.599976,1193.599976,1207.900024,1207.900024,250
17/02/2016,1196.5,1212.900024,1196.5,1211.099976,1211.099976,422
18/02/2016,1209.599976,1239.199951,1201.599976,1226.099976,1226.099976,53
19/02/2016,1230.800049,1232.800049,1221.800049,1230.400024,1230.400024,315
22/02/2016,1226.099976,1226.099976,1203,1209.5,1209.5,76
23/02/2016,1207.400024,1226.099976,1207.400024,1222.300049,1222.300049,280
24/02/2016,1230,1250.099976,1230,1238.699951,1238.699951,351
25/02/2016,1239.400024,1241.5,1235,1238.199951,1238.199951,111
26/02/2016,1232.400024,1239.099976,1212.199951,1219.800049,1219.800049,1349
29/02/2016,1218.599976,1241,1218.599976,1233.900024,1233.900024,656
1/03/2016,1240.5,1248.400024,1229,1230.300049,1230.300049,580
2/03/2016,1232.800049,1242.599976,1226,1241.099976,1241.099976,477
3/03/2016,1238.400024,1267.900024,1238,1257.400024,1257.400024,267
4/03/2016,1263,1279.900024,1250.900024,1269.900024,1269.900024,123
7/03/2016,1259.800049,1272.300049,1259.699951,1263.199951,1263.199951,268
8/03/2016,1268.699951,1276.300049,1261,1262.099976,1262.099976,67
9/03/2016,1254.5,1260,1244.800049,1256.599976,1256.599976,43
10/03/2016,1250,1273,1237.5,1272,1272,79
11/03/2016,1270,1280.699951,1249.400024,1258.699951,1258.699951,119
14/03/2016,1256,1258,1234.5,1244.400024,1244.400024,87
15/03/2016,1228.300049,1236,1228,1230.400024,1230.400024,58
16/03/2016,1229.5,1263.800049,1228.900024,1229.300049,1229.300049,37
17/03/2016,1261.5,1270.099976,1255.900024,1264.5,1264.5,45
18/03/2016,1257.099976,1264.400024,1251.5,1253.800049,1253.800049,27
21/03/2016,1256.199951,1256.199951,1243.400024,1243.800049,1243.800049,542
22/03/2016,1244,1252.400024,1243.800049,1248.199951,1248.199951,1061
23/03/2016,1247.699951,1247.699951,1218.599976,1223.699951,1223.699951,20
24/03/2016,1214.199951,1221.400024,1214.199951,1221.400024,1221.400024,28
28/03/2016,1211.5,1222.199951,1210,1219.900024,1219.900024,13
29/03/2016,1217.800049,1235.599976,1217.699951,1235.599976,1235.599976,33
30/03/2016,1241.400024,1245,1223.400024,1226.900024,1226.900024,189732
31/03/2016,1225.599976,1239.599976,1224.5,1234.199951,1234.199951,48248
1/04/2016,1232.300049,1235.199951,1209.199951,1222.199951,1222.199951,3377
4/04/2016,1221.699951,1222.300049,1215,1218,1218,1602
5/04/2016,1215.400024,1236.699951,1215.400024,1228.400024,1228.400024,2038
6/04/2016,1230.400024,1230.400024,1217.599976,1222.5,1222.5,477
7/04/2016,1224.800049,1242.900024,1224.599976,1236.199951,1236.199951,248
8/04/2016,1241,1242.800049,1232,1242.5,1242.5,375
11/04/2016,1241.5,1258.699951,1241.5,1256.699951,1256.699951,409
12/04/2016,1260,1261.699951,1253.699951,1259.400024,1259.400024,437
13/04/2016,1256.5,1256.900024,1241.300049,1246.800049,1246.800049,185
14/04/2016,1231.400024,1243.699951,1224.5,1225,1225,203
15/04/2016,1225.699951,1235,1225.699951,1233.099976,1233.099976,264
18/04/2016,1238.699951,1241.099976,1232.199951,1233.599976,1233.599976,97
19/04/2016,1231.599976,1256.199951,1228.800049,1253,1253,304
20/04/2016,1256.099976,1256.099976,1243,1253.199951,1253.199951,386
21/04/2016,1247.699951,1270.599976,1247.599976,1249,1249,180
22/04/2016,1248.5,1248.5,1228,1228.699951,1228.699951,124
25/04/2016,1231.599976,1240.900024,1231.599976,1238.900024,1238.900024,188
26/04/2016,1239.800049,1244.199951,1233,1242.199951,1242.199951,442
27/04/2016,1248.599976,1249.5,1248.599976,1249.199951,1249.199951,97
28/04/2016,1245.900024,1270.099976,1238.5,1265.5,1265.5,547
29/04/2016,1267.300049,1295.5,1267.199951,1289.199951,1289.199951,887
2/05/2016,1292.099976,1304.400024,1290.400024,1294.699951,1294.699951,464
3/05/2016,1292.699951,1301.5,1284.5,1290.699951,1290.699951,192
4/05/2016,1286.900024,1290,1273,1273.300049,1273.300049,151
5/05/2016,1282.900024,1286,1270.800049,1271.400024,1271.400024,109
6/05/2016,1278.599976,1295.599976,1276.900024,1292.900024,1292.900024,330
9/05/2016,1286.5,1286.5,1262.300049,1265.599976,1265.599976,305
10/05/2016,1265.099976,1267.400024,1258.699951,1263.900024,1263.900024,341
11/05/2016,1266.900024,1279.199951,1266.900024,1274.599976,1274.599976,23
12/05/2016,1267,1281.199951,1264,1270.300049,1270.300049,50
13/05/2016,1271.400024,1275.699951,1264.599976,1271.900024,1271.900024,101
16/05/2016,1272.800049,1287.800049,1272.800049,1273.400024,1273.400024,66
17/05/2016,1272.5,1281.599976,1270.800049,1276.199951,1276.199951,44
18/05/2016,1276.400024,1276.400024,1256.800049,1273.699951,1273.699951,16
19/05/2016,1248,1255.5,1247.5,1254.199951,1254.199951,17
20/05/2016,1256.599976,1256.599976,1252.400024,1252.400024,1252.400024,69
23/05/2016,1251.599976,1251.599976,1247.5,1251.099976,1251.099976,44
24/05/2016,1240,1240,1228.199951,1228.900024,1228.900024,56
25/05/2016,1219.300049,1223.5,1218.599976,1223.5,1223.5,20
26/05/2016,1232.599976,1232.599976,1220.099976,1220.099976,1220.099976,5
27/05/2016,1220.300049,1223.199951,1206.400024,1213.800049,1213.800049,199778
31/05/2016,1212.5,1217.599976,1199,1214.800049,1214.800049,63739
1/06/2016,1215.699951,1219.800049,1205.400024,1211.900024,1211.900024,6432
2/06/2016,1212.400024,1217,1209.599976,1209.800049,1209.800049,2717
3/06/2016,1209.099976,1244.5,1206.400024,1240.099976,1240.099976,1627
6/06/2016,1244.400024,1247.300049,1240,1244.599976,1244.599976,1622
7/06/2016,1244,1244.900024,1236.5,1244.400024,1244.400024,1135
8/06/2016,1247.599976,1264,1247.300049,1259.800049,1259.800049,281
9/06/2016,1262.5,1271.400024,1258.099976,1270.199951,1270.199951,406
10/06/2016,1267.599976,1278,1265.300049,1273.400024,1273.400024,381
13/06/2016,1276.199951,1287.300049,1273,1284.400024,1284.400024,397
14/06/2016,1281.800049,1289.699951,1277.800049,1285.599976,1285.599976,328
15/06/2016,1284.599976,1296.199951,1278.800049,1285.800049,1285.800049,554
16/06/2016,1296.300049,1316.400024,1281.099976,1296.099976,1296.099976,162
17/06/2016,1280.300049,1300.099976,1280.300049,1292.5,1292.5,251
20/06/2016,1288.900024,1291.199951,1280.300049,1290,1290,129
21/06/2016,1293.900024,1293.900024,1266.300049,1270.5,1270.5,153
22/06/2016,1267,1269.199951,1264.900024,1268,1268,134
23/06/2016,1263.400024,1270.5,1255.199951,1261.199951,1261.199951,53
24/06/2016,1253.699951,1355.599976,1253.699951,1320,1320,218
27/06/2016,1330,1331.699951,1320,1322.5,1322.5,694
28/06/2016,1314.800049,1315.599976,1314.099976,1315.300049,1315.300049,92
29/06/2016,1311.599976,1327.400024,1311.599976,1323.900024,1323.900024,1072
30/06/2016,1315.800049,1323.5,1314.5,1318.400024,1318.400024,414
1/07/2016,1324.5,1344.199951,1321.900024,1336.699951,1336.699951,560
5/07/2016,1342.199951,1356.800049,1339.699951,1356.400024,1356.400024,137
6/07/2016,1359,1374.900024,1359,1364.900024,1364.900024,90
7/07/2016,1366.800049,1368.599976,1350.5,1360.099976,1360.099976,130
8/07/2016,1361.300049,1365.800049,1335,1356.599976,1356.599976,207
11/07/2016,1371.699951,1371.800049,1353,1355,1355,249
12/07/2016,1353.599976,1356,1330.300049,1334.099976,1334.099976,26
13/07/2016,1341.5,1342.400024,1336.699951,1342.400024,1342.400024,252
14/07/2016,1341.400024,1341.400024,1322.699951,1331.300049,1331.300049,7
15/07/2016,1333.699951,1333.699951,1322.900024,1326.5,1326.5,20
18/07/2016,1327.5,1335,1326.199951,1328.400024,1328.400024,52
19/07/2016,1328.5,1333.199951,1326.400024,1331.5,1331.5,54
20/07/2016,1331,1337.5,1315.5,1318.800049,1318.800049,322
21/07/2016,1312.800049,1330.5,1312.800049,1330.5,1330.5,751
22/07/2016,1330.699951,1330.699951,1320.400024,1323.099976,1323.099976,318
25/07/2016,1315.699951,1319.300049,1313.800049,1319.300049,1319.300049,55
26/07/2016,1315.199951,1320.699951,1315.199951,1320.699951,1320.699951,548
27/07/2016,1326,1326.599976,1326,1326.599976,1326.599976,63
28/07/2016,1339.5,1344.300049,1330.099976,1332.300049,1332.300049,215388
29/07/2016,1333.199951,1353.300049,1325.800049,1349,1349,56908
1/08/2016,1348.800049,1353.5,1345.599976,1351.400024,1351.400024,6076
2/08/2016,1352.099976,1366,1346.599976,1364.400024,1364.400024,1257
3/08/2016,1362.400024,1364.699951,1353.300049,1356.099976,1356.099976,2941
4/08/2016,1354.400024,1361.599976,1347,1358.800049,1358.800049,715
5/08/2016,1357.599976,1360.800049,1333.699951,1336.400024,1336.400024,381
8/08/2016,1330,1335.400024,1327.800049,1333.400024,1333.400024,1107
9/08/2016,1331.800049,1339.400024,1328.5,1339,1339,587
10/08/2016,1344.800049,1354.199951,1344.300049,1344.300049,1344.300049,620
11/08/2016,1341.599976,1350.400024,1334.800049,1342.5,1342.5,110
12/08/2016,1336.800049,1351.800049,1333.199951,1335.800049,1335.800049,666
15/08/2016,1336.5,1340.599976,1333.599976,1340.300049,1340.300049,113
16/08/2016,1342.199951,1355,1341,1350.5,1350.5,62
17/08/2016,1345.5,1347.300049,1338.599976,1342.699951,1342.699951,338
18/08/2016,1351.300049,1354.400024,1348.199951,1351.199951,1351.199951,135
19/08/2016,1350.099976,1350.099976,1338.599976,1340.400024,1340.400024,140
22/08/2016,1334.400024,1337.699951,1333.300049,1337.699951,1337.699951,197
23/08/2016,1337,1341.199951,1334.300049,1340.599976,1340.599976,117
24/08/2016,1337.199951,1337.199951,1322.900024,1324.400024,1324.400024,551
25/08/2016,1321.400024,1324,1317,1320.099976,1320.099976,262
26/08/2016,1323.800049,1340.5,1320.099976,1321.5,1321.5,58
29/08/2016,1315,1323,1315,1322.900024,1322.900024,141
30/08/2016,1322,1322.099976,1308,1311.699951,1311.699951,437
31/08/2016,1310.300049,1313.699951,1306.300049,1306.900024,1306.900024,705
1/09/2016,1305.300049,1313.099976,1301.5,1312.199951,1312.199951,214
2/09/2016,1309.599976,1326.699951,1309.199951,1322.099976,1322.099976,225
6/09/2016,1323.300049,1349.400024,1323.199951,1349.400024,1349.400024,55
7/09/2016,1348.400024,1350.5,1343.900024,1344.300049,1344.300049,46
8/09/2016,1344.800049,1345.400024,1335.699951,1336.800049,1336.800049,14
9/09/2016,1338.5,1338.5,1328,1330.099976,1330.099976,30
12/09/2016,1327,1329.300049,1319.900024,1321,1321,35
13/09/2016,1324.599976,1324.599976,1315,1319,1319,177
14/09/2016,1319.199951,1322.300049,1319.199951,1321.5,1321.5,79
15/09/2016,1320.699951,1320.699951,1310.800049,1313.5,1313.5,73
16/09/2016,1312.199951,1312.599976,1305.800049,1305.800049,1305.800049,37
19/09/2016,1313.5,1313.5,1313.5,1313.5,1313.5,4
20/09/2016,1313.699951,1313.699951,1313.699951,1313.699951,1313.699951,20
21/09/2016,1326.300049,1326.900024,1324,1326.900024,1326.900024,97
22/09/2016,1338.599976,1340.400024,1338.199951,1340.400024,1340.400024,76
23/09/2016,1337.199951,1337.199951,1337.199951,1337.199951,1337.199951,23
26/09/2016,1335.199951,1341.800049,1335.199951,1339.699951,1339.699951,40
27/09/2016,1328,1328.699951,1325.900024,1325.900024,1325.900024,24
28/09/2016,1319.400024,1319.400024,1319.400024,1319.400024,1319.400024,48
29/09/2016,1321.199951,1325,1314.699951,1321.699951,1321.699951,10551
30/09/2016,1320.599976,1327.699951,1312.900024,1313.300049,1313.300049,6108
3/10/2016,1313.5,1316.800049,1308.199951,1309,1309,868
4/10/2016,1307.599976,1310.199951,1266.300049,1266.300049,1266.300049,299
5/10/2016,1272.099976,1274,1261.300049,1265.199951,1265.199951,1893
6/10/2016,1265.300049,1265.300049,1249.800049,1249.800049,1249.800049,246
7/10/2016,1253.900024,1263.599976,1248.900024,1248.900024,1248.900024,114
11/10/2016,1258.900024,1258.900024,1253,1253,1253,27
12/10/2016,1251.699951,1254,1251.099976,1251.099976,1251.099976,26
13/10/2016,1258.699951,1259,1255,1255,1255,127
14/10/2016,1253.900024,1253.900024,1250.599976,1253.099976,1253.099976,315
17/10/2016,1249.900024,1255,1249.900024,1254.400024,1254.400024,311
18/10/2016,1260.900024,1261.699951,1260.800049,1260.800049,1260.800049,41
19/10/2016,1262.900024,1271.5,1262.900024,1267.900024,1267.900024,11
20/10/2016,1270,1270.5,1265.5,1265.599976,1265.599976,219
21/10/2016,1265.900024,1265.900024,1265.900024,1265.900024,1265.900024,415
24/10/2016,1269.199951,1269.199951,1261.800049,1262,1262,224
25/10/2016,1264.099976,1274.099976,1264.099976,1271.900024,1271.900024,42
26/10/2016,1274,1274,1264.800049,1264.800049,1264.800049,61
27/10/2016,1269.400024,1269.400024,1267.900024,1267.900024,1267.900024,279
28/10/2016,1270.300049,1281.5,1262,1275.5,1275.5,338
31/10/2016,1276.599976,1276.599976,1271.5,1271.5,1271.5,560
1/11/2016,1279.300049,1290.699951,1279,1286.400024,1286.400024,58
2/11/2016,1288.300049,1307,1288.300049,1306.800049,1306.800049,49
3/11/2016,1296.400024,1303.099976,1287.300049,1302.099976,1302.099976,30
4/11/2016,1300,1303.300049,1296.699951,1303.300049,1303.300049,73
7/11/2016,1292,1294.5,1278.300049,1278.300049,1278.300049,11
8/11/2016,1284.099976,1289.400024,1273.199951,1273.400024,1273.400024,34
9/11/2016,1272.199951,1318.599976,1270,1272.599976,1272.599976,50
10/11/2016,1274.400024,1287.5,1253.300049,1265.5,1265.5,108
14/11/2016,1227.800049,1229.5,1210.400024,1221.199951,1221.199951,599
15/11/2016,1224.300049,1226,1222.5,1224,1224,216
16/11/2016,1229.300049,1229.300049,1223,1223.400024,1223.400024,20
17/11/2016,1224.599976,1225,1211,1216.5,1216.5,66
18/11/2016,1211.900024,1211.900024,1207.199951,1208.5,1208.5,1139
21/11/2016,1209.599976,1209.599976,1209.599976,1209.599976,1209.599976,607
22/11/2016,1210.400024,1211.099976,1207.599976,1211,1211,19
23/11/2016,1212.800049,1213.800049,1186.800049,1189.099976,1189.099976,19
25/11/2016,1177,1189.300049,1177,1178.199951,1178.199951,309
28/11/2016,1188,1190.599976,1188,1190.599976,1190.599976,14
29/11/2016,1193.199951,1194.800049,1179.400024,1187.900024,1187.900024,189914
30/11/2016,1187.099976,1193.300049,1167.900024,1170.800049,1170.800049,42124
1/12/2016,1172.699951,1174.599976,1160,1166.900024,1166.900024,7158
2/12/2016,1172.300049,1177.300049,1166.400024,1175.099976,1175.099976,1588
5/12/2016,1181.800049,1186.699951,1157,1174,1174,1521
6/12/2016,1170.900024,1174.5,1167.099976,1167.599976,1167.599976,358
7/12/2016,1167.699951,1178.5,1166.400024,1175,1175,652
8/12/2016,1173.800049,1177.800049,1169.099976,1169.800049,1169.800049,182
9/12/2016,1166.599976,1168.800049,1156,1159.400024,1159.400024,322
12/12/2016,1158.300049,1163.900024,1153,1163.5,1163.5,365
13/12/2016,1163.5,1164,1155.400024,1156.699951,1156.699951,331
14/12/2016,1159.800049,1164,1142,1161.300049,1161.300049,637
15/12/2016,1139.800049,1143.300049,1123.900024,1127.800049,1127.800049,487
16/12/2016,1126.900024,1140.900024,1126.900024,1135.300049,1135.300049,244
19/12/2016,1139.400024,1140.699951,1137.900024,1140.5,1140.5,146
20/12/2016,1133.5,1133.5,1126.5,1131.5,1131.5,249
21/12/2016,1136.099976,1136.099976,1130,1131.099976,1131.099976,46
22/12/2016,1131.199951,1132.800049,1128.300049,1128.800049,1128.800049,50
23/12/2016,1130.900024,1132.800049,1130.300049,1131.900024,1131.900024,104
27/12/2016,1134.300049,1142.199951,1134.300049,1137.300049,1137.300049,70
28/12/2016,1141.199951,1141.199951,1138,1139.400024,1139.400024,84
29/12/2016,1143.800049,1158.800049,1143.599976,1156.400024,1156.400024,1570
30/12/2016,1162,1162,1150,1150,1150,950
3/01/2017,1155.199951,1160.800049,1146.5,1160.400024,1160.400024,16
4/01/2017,1156.300049,1165,1156.300049,1163.800049,1163.800049,52
5/01/2017,1172,1183.300049,1171.5,1179.699951,1179.699951,36
6/01/2017,1176.5,1176.5,1171.900024,1171.900024,1171.900024,500
9/01/2017,1173.900024,1183.599976,1173,1183.5,1183.5,16
10/01/2017,1184.300049,1188.900024,1182.300049,1184.199951,1184.199951,62
11/01/2017,1187.5,1197,1176.5,1195.599976,1195.599976,8
12/01/2017,1192.699951,1204.300049,1192.300049,1198.900024,1198.900024,20
13/01/2017,1195.699951,1196,1187.699951,1195.300049,1195.300049,110
17/01/2017,1205.5,1214.599976,1200.800049,1212,1212,65
18/01/2017,1213.599976,1214.699951,1203.099976,1211.300049,1211.300049,79
19/01/2017,1200.5,1204,1195.800049,1200.900024,1200.900024,114
20/01/2017,1202.800049,1212.099976,1202.800049,1204.300049,1204.300049,26
23/01/2017,1212,1215,1210,1215,1215,38
24/01/2017,1219,1219,1207.699951,1210.300049,1210.300049,16
25/01/2017,1202,1202.800049,1194.900024,1197.300049,1197.300049,24
26/01/2017,1199.699951,1199.699951,1185.599976,1189.5,1189.5,403
27/01/2017,1187.900024,1188.300049,1187.900024,1188.099976,1188.099976,19
30/01/2017,1191.699951,1198.5,1187.099976,1193.199951,1193.199951,234352
31/01/2017,1194.900024,1214.699951,1193.5,1208.599976,1208.599976,50503
1/02/2017,1211.900024,1211.900024,1197.900024,1205.599976,1205.599976,3212
2/02/2017,1209.699951,1224.199951,1208.900024,1216.699951,1216.699951,1145
3/02/2017,1214.900024,1220.599976,1206.199951,1218.5,1218.5,1512
6/02/2017,1221.900024,1235.400024,1218.5,1230,1230,865
7/02/2017,1234.199951,1236.199951,1228.5,1234.199951,1234.199951,908
8/02/2017,1232.099976,1243.900024,1231,1237.599976,1237.599976,1177
9/02/2017,1239.400024,1243.5,1226.900024,1235.099976,1235.099976,288
10/02/2017,1227.599976,1234.400024,1221.5,1234.400024,1234.400024,885
13/02/2017,1230.5,1231.099976,1219,1224.400024,1224.400024,391
14/02/2017,1225.900024,1233.5,1222.099976,1223.900024,1223.900024,398
15/02/2017,1225.5,1231.699951,1217.300049,1231.699951,1231.699951,159
16/02/2017,1234.5,1240.699951,1233.199951,1240,1240,175
17/02/2017,1240.699951,1241.199951,1234.800049,1237.599976,1237.599976,87
21/02/2017,1237.300049,1237.5,1228.099976,1237.5,1237.5,301
22/02/2017,1236.099976,1238.599976,1231.800049,1232,1232,119
23/02/2017,1236.099976,1250.300049,1236.099976,1250.199951,1250.199951,36
24/02/2017,1250,1258.800049,1250,1256.900024,1256.900024,112
27/02/2017,1254.699951,1263.099976,1250.400024,1257.400024,1257.400024,1264
28/02/2017,1253.599976,1257.300049,1247.199951,1252.599976,1252.599976,544
1/03/2017,1247.800049,1248.900024,1236.900024,1248.900024,1248.900024,721
2/03/2017,1247.199951,1247.599976,1230.699951,1231.900024,1231.900024,138
3/03/2017,1231.699951,1235.199951,1222.900024,1225.5,1225.5,79
6/03/2017,1235.199951,1235.199951,1224.5,1224.5,1224.5,121
7/03/2017,1224.300049,1225.400024,1213.699951,1215.099976,1215.099976,29
8/03/2017,1212.199951,1212.199951,1206.699951,1208.5,1208.5,53
9/03/2017,1204.5,1205.599976,1202.300049,1202.400024,1202.400024,24
10/03/2017,1196.199951,1203.300049,1196.199951,1200.699951,1200.699951,37
13/03/2017,1206.199951,1210,1202.300049,1202.400024,1202.400024,3
14/03/2017,1203.099976,1205.900024,1196.800049,1201.900024,1201.900024,35
15/03/2017,1198.199951,1221.199951,1197.699951,1200.099976,1200.099976,22
16/03/2017,1222.199951,1231.400024,1222.199951,1226.5,1226.5,36
17/03/2017,1227.099976,1230.900024,1227.099976,1229.800049,1229.800049,47
20/03/2017,1229.300049,1234.400024,1229.300049,1233.599976,1233.599976,26
21/03/2017,1226.400024,1246.099976,1226.400024,1246.099976,1246.099976,23
22/03/2017,1247.900024,1249.5,1247.699951,1249.300049,1249.300049,11
23/03/2017,1246.400024,1247.5,1244.800049,1246.900024,1246.900024,3
24/03/2017,1248,1248.300049,1247.599976,1248.199951,1248.199951,16
27/03/2017,1255.800049,1257.699951,1253.800049,1255.400024,1255.400024,3
28/03/2017,1255.900024,1255.900024,1255.300049,1255.300049,1255.300049,72
29/03/2017,1252.199951,1253.400024,1252.099976,1253.400024,1253.400024,19
30/03/2017,1253.099976,1253.599976,1241.099976,1245,1245,190678
31/03/2017,1242.099976,1248.800049,1238.699951,1247.300049,1247.300049,51328
3/04/2017,1247.5,1252.400024,1243.599976,1250.800049,1250.800049,8223
4/04/2017,1253.099976,1260.300049,1253,1255,1255,1160
5/04/2017,1255.400024,1255.400024,1243,1245.400024,1245.400024,724
6/04/2017,1256.099976,1257.5,1249,1250.300049,1250.300049,907
7/04/2017,1249.5,1269.099976,1249.5,1254.300049,1254.300049,169
10/04/2017,1252.699951,1255.199951,1246.800049,1251.099976,1251.099976,445
11/04/2017,1254.5,1273.5,1254.5,1271.199951,1271.199951,182
12/04/2017,1275,1285.099976,1272,1275.300049,1275.300049,401
13/04/2017,1285.300049,1287.599976,1282,1285.900024,1285.900024,492
17/04/2017,1291.800049,1294.800049,1284.300049,1289.400024,1289.400024,915
18/04/2017,1283.900024,1291.699951,1278.599976,1291.699951,1291.699951,73
19/04/2017,1288,1288,1274,1281.400024,1281.400024,394
20/04/2017,1279.699951,1281.900024,1276.199951,1281.900024,1281.900024,194
21/04/2017,1279.800049,1287.400024,1279.199951,1287.400024,1287.400024,127
24/04/2017,1275,1276.400024,1265,1275.800049,1275.800049,474
25/04/2017,1275.599976,1276.900024,1262.099976,1265.599976,1265.599976,605
26/04/2017,1266,1266,1262.099976,1262.099976,1262.099976,356
27/04/2017,1266.699951,1267.199951,1262.199951,1263.699951,1263.699951,1156
28/04/2017,1265.900024,1267.199951,1264.699951,1266.099976,1266.099976,206
1/05/2017,1268.699951,1269.300049,1253.300049,1253.300049,1253.300049,85
2/05/2017,1256.199951,1256.199951,1251.199951,1255.099976,1255.099976,34
3/05/2017,1255.099976,1255.800049,1238.699951,1246.400024,1246.400024,90
4/05/2017,1239.800049,1239.800049,1224.199951,1226.5,1226.5,195
5/05/2017,1227,1233.699951,1224.800049,1224.800049,1224.800049,72
8/05/2017,1224,1234,1224,1225.300049,1225.300049,16
9/05/2017,1226.099976,1226.199951,1214,1214.300049,1214.300049,43
10/05/2017,1219.800049,1220.199951,1217.300049,1217.300049,1217.300049,55
11/05/2017,1218.5,1222.699951,1218.300049,1222.699951,1222.699951,23
12/05/2017,1228,1229.5,1226.099976,1226.199951,1226.199951,13
15/05/2017,1227.5,1232.699951,1227.5,1228.599976,1228.599976,29
16/05/2017,1230.400024,1237.300049,1230.400024,1235,1235,13
17/05/2017,1241,1259.199951,1240.699951,1257.5,1257.5,20
18/05/2017,1254.800049,1260,1245.800049,1251.699951,1251.699951,26
19/05/2017,1252.699951,1252.699951,1252.699951,1252.699951,1252.699951,43
22/05/2017,1251.699951,1260.699951,1251.699951,1260.699951,1260.699951,14
23/05/2017,1261.5,1261.599976,1250.599976,1254.800049,1254.800049,14
24/05/2017,1251.900024,1257.800049,1249.699951,1252.400024,1252.400024,20
25/05/2017,1257.099976,1258.300049,1255.800049,1255.800049,1255.800049,14
26/05/2017,1267.599976,1267.599976,1267.599976,1267.599976,1267.599976,11
30/05/2017,1267.400024,1270,1258.400024,1262.099976,1262.099976,271457
31/05/2017,1262.400024,1273.199951,1258.5,1272,1272,129819
1/06/2017,1268,1269.199951,1260.800049,1267,1267,2712
2/06/2017,1265.199951,1279,1259,1276.800049,1276.800049,825
5/06/2017,1279.199951,1282,1277,1279.300049,1279.300049,1732
6/06/2017,1279.400024,1295.199951,1279.400024,1294.400024,1294.400024,433
7/06/2017,1291.599976,1293.099976,1284.300049,1290.099976,1290.099976,942
8/06/2017,1285.400024,1287.599976,1268.099976,1276.300049,1276.300049,641
9/06/2017,1277.900024,1277.900024,1264.599976,1268.5,1268.5,319
12/06/2017,1266.400024,1269.300049,1263.199951,1266.099976,1266.099976,467
13/06/2017,1264.099976,1266.900024,1259.699951,1265.800049,1265.800049,255
14/06/2017,1269.400024,1278,1256.800049,1272.800049,1272.800049,150
15/06/2017,1263.199951,1264.199951,1250.300049,1252.199951,1252.199951,336
16/06/2017,1252.800049,1255.300049,1251.300049,1254,1254,743
19/06/2017,1252.099976,1252.199951,1241.900024,1244.199951,1244.199951,34
20/06/2017,1242.199951,1245.5,1240.5,1241,1241,108
21/06/2017,1244.099976,1245,1240,1243.400024,1243.400024,75
22/06/2017,1251,1252.699951,1246.300049,1247.599976,1247.599976,205
23/06/2017,1250,1273.599976,1249.800049,1256.199951,1256.199951,156
26/06/2017,1260.199951,1260.199951,1241.599976,1246.300049,1246.300049,269
27/06/2017,1251.599976,1251.800049,1245.900024,1246.400024,1246.400024,194
28/06/2017,1248.5,1248.5,1248,1248,1248,111
29/06/2017,1248.199951,1250.699951,1238.099976,1244.199951,1244.199951,370
30/06/2017,1243.699951,1243.699951,1239.099976,1240.699951,1240.699951,540
5/07/2017,1222.5,1225,1217.099976,1220.400024,1220.400024,33
6/07/2017,1225.099976,1225.099976,1222.199951,1222.199951,1222.199951,40
7/07/2017,1219.099976,1220.400024,1208.599976,1208.599976,1208.599976,5
10/07/2017,1211.400024,1212.099976,1209.599976,1212.099976,1212.099976,116
11/07/2017,1208.699951,1214.900024,1208.699951,1213.599976,1213.599976,28
12/07/2017,1218.300049,1219.400024,1217.900024,1218.099976,1218.099976,12
13/07/2017,1221.400024,1221.400024,1216.300049,1216.300049,1216.300049,7
14/07/2017,1214.900024,1227.5,1214.800049,1226.599976,1226.599976,7
17/07/2017,1229.900024,1233.400024,1229.900024,1232.800049,1232.800049,23
18/07/2017,1236.199951,1241.199951,1236.199951,1241.099976,1241.099976,7
19/07/2017,1240.400024,1241.199951,1240.099976,1241.199951,1241.199951,29
20/07/2017,1236.599976,1244.800049,1236.599976,1244.800049,1244.800049,3
21/07/2017,1250.699951,1254.300049,1250.5,1254.300049,1254.300049,5
24/07/2017,1256,1256,1253.900024,1253.900024,1253.900024,16
25/07/2017,1252.699951,1253.599976,1249.199951,1251.699951,1251.699951,8
26/07/2017,1244.800049,1249,1244.800049,1249,1249,18
27/07/2017,1259.599976,1259.599976,1259.599976,1259.599976,1259.599976,7
28/07/2017,1258.400024,1270,1256.900024,1268.400024,1268.400024,220309
31/07/2017,1268.900024,1270.800049,1265.800049,1266.599976,1266.599976,64180
1/08/2017,1268.400024,1273.300049,1262,1272.599976,1272.599976,7780
2/08/2017,1268.5,1272.099976,1262.900024,1271.800049,1271.800049,1061
3/08/2017,1265.900024,1269.800049,1256.599976,1267.800049,1267.800049,393
4/08/2017,1269,1269.599976,1253.900024,1258.300049,1258.300049,878
7/08/2017,1258.699951,1259.099976,1255.300049,1258.199951,1258.199951,521
8/08/2017,1256.900024,1264.099976,1251.400024,1256.400024,1256.400024,260
9/08/2017,1260.199951,1277.800049,1260.199951,1273,1273,555
10/08/2017,1276.599976,1287.400024,1274.900024,1283.699951,1283.699951,574
11/08/2017,1286.300049,1291.099976,1282,1287.699951,1287.699951,608
14/08/2017,1288.400024,1288.400024,1278.800049,1284.199951,1284.199951,139
15/08/2017,1280.5,1280.5,1267.400024,1273.699951,1273.699951,338
16/08/2017,1271.300049,1282.599976,1269.400024,1276.900024,1276.900024,188
17/08/2017,1283.800049,1288.5,1283.199951,1286.400024,1286.400024,110
18/08/2017,1288.599976,1300.699951,1284.300049,1285.699951,1285.699951,43
21/08/2017,1285.199951,1290.800049,1284.699951,1290.800049,1290.800049,358
22/08/2017,1287.199951,1288.400024,1283.199951,1285.099976,1285.099976,18
23/08/2017,1289.400024,1289.400024,1286.900024,1288.900024,1288.900024,100
24/08/2017,1288.699951,1288.699951,1284,1286.5,1286.5,250
25/08/2017,1285.400024,1292.699951,1280.300049,1292.5,1292.5,550
28/08/2017,1293.5,1311.300049,1293.5,1309.699951,1309.699951,280
29/08/2017,1318.800049,1323.800049,1313.099976,1313.099976,1313.099976,145
30/08/2017,1308.199951,1312.5,1304.900024,1308.099976,1308.099976,1178
31/08/2017,1306.599976,1322.300049,1301.699951,1316.199951,1316.199951,1178
1/09/2017,1320.199951,1327.699951,1316.900024,1324.5,1324.5,373
5/09/2017,1335.199951,1339.199951,1328.599976,1339.199951,1339.199951,313
6/09/2017,1340,1340.300049,1332.599976,1333.900024,1333.900024,39
7/09/2017,1336.400024,1349,1336.400024,1345.099976,1345.099976,20
8/09/2017,1351,1355.800049,1345.599976,1346,1346,26
11/09/2017,1331,1331,1327.300049,1331,1331,37
12/09/2017,1327,1328,1325.199951,1328,1328,9
13/09/2017,1323.400024,1323.400024,1323.400024,1323.400024,1323.400024,15
14/09/2017,1319.599976,1329.300049,1319.599976,1324.699951,1324.699951,16
15/09/2017,1320.599976,1321.199951,1319.800049,1320.400024,1320.400024,316
18/09/2017,1309.800049,1310.400024,1306,1306.300049,1306.300049,15
19/09/2017,1307.900024,1310.300049,1305.099976,1306.199951,1306.199951,129
20/09/2017,1312,1312,1298.699951,1312,1312,20
21/09/2017,1299.099976,1304.099976,1290.300049,1290.599976,1290.599976,12
22/09/2017,1295,1295.699951,1293.300049,1293.300049,1293.300049,336
25/09/2017,1293.099976,1309.199951,1291,1306.800049,1306.800049,209
26/09/2017,1304.5,1305.599976,1297,1297,1297,51
27/09/2017,1283.400024,1283.400024,1283.400024,1283.400024,1283.400024,39
28/09/2017,1283.099976,1288,1277,1285.5,1285.5,19488
29/09/2017,1284.199951,1289.400024,1281.5,1281.5,1281.5,5226
2/10/2017,1275,1276.099976,1270.400024,1272.699951,1272.699951,492
3/10/2017,1269.699951,1273.300049,1268.599976,1271.5,1271.5,136
4/10/2017,1273.800049,1280.800049,1270,1273.699951,1273.699951,192
5/10/2017,1277.800049,1277.800049,1267.599976,1269.900024,1269.900024,218
6/10/2017,1267.599976,1272,1260.5,1271.599976,1271.599976,36
9/10/2017,1280.599976,1284,1279,1281.800049,1281.800049,46
10/10/2017,1282.599976,1293,1281.699951,1290.599976,1290.599976,19
11/10/2017,1287.300049,1292,1284.900024,1285.800049,1285.800049,18
12/10/2017,1291.5,1294.5,1289.300049,1293.300049,1293.300049,21
13/10/2017,1293.300049,1301.699951,1291.699951,1301.5,1301.5,14
16/10/2017,1302,1303.800049,1291.900024,1299.900024,1299.900024,74
17/10/2017,1295.099976,1295.099976,1283,1283,1283,173
18/10/2017,1279.900024,1279.900024,1279.900024,1279.900024,1279.900024,571
19/10/2017,1286.400024,1286.900024,1285.099976,1286.900024,1286.900024,163
20/10/2017,1279.599976,1279.599976,1277.400024,1277.400024,1277.400024,134
23/10/2017,1274.699951,1280.800049,1271.5,1277.699951,1277.699951,304
24/10/2017,1275.5,1275.5,1273.699951,1275,1275,115
25/10/2017,1269.900024,1275.400024,1269.900024,1275.400024,1275.400024,111
26/10/2017,1273.5,1273.5,1264.699951,1266.300049,1266.300049,105
27/10/2017,1268.400024,1268.5,1267.099976,1268.5,1268.5,39
30/10/2017,1270,1274.099976,1267.900024,1274.099976,1274.099976,567
31/10/2017,1273.099976,1274.599976,1266.099976,1267,1267,222
1/11/2017,1272.199951,1274.800049,1270.300049,1274.099976,1274.099976,235
2/11/2017,1274.900024,1274.900024,1274.900024,1274.900024,1274.900024,78
3/11/2017,1265.300049,1267.900024,1265.300049,1266.5,1266.5,70
6/11/2017,1269,1280.5,1269,1279.400024,1279.400024,75
7/11/2017,1276.800049,1276.800049,1270.400024,1273.699951,1273.699951,128
8/11/2017,1275.900024,1284.900024,1274.699951,1281.599976,1281.599976,11
9/11/2017,1279.699951,1286.900024,1279.699951,1285.599976,1285.599976,15
10/11/2017,1283.5,1283.5,1272.400024,1272.400024,1272.400024,18
13/11/2017,1277.300049,1277.300049,1277,1277.300049,1277.300049,10
14/11/2017,1276.900024,1281.5,1276.900024,1281.5,1281.5,3
15/11/2017,1281.400024,1284.699951,1275.900024,1276.5,1276.5,4
16/11/2017,1277.5,1277.5,1277.400024,1277.400024,1277.400024,13
17/11/2017,1288.300049,1295.800049,1288.300049,1295.800049,1295.800049,43
20/11/2017,1274.599976,1275.900024,1274.599976,1274.599976,1274.599976,1
21/11/2017,1281.099976,1281.099976,1281.099976,1281.099976,1281.099976,1
22/11/2017,1284.699951,1291.599976,1282.900024,1291.599976,1291.599976,4
27/11/2017,1293.800049,1293.800049,1293.800049,1293.800049,1293.800049,0
28/11/2017,1294.699951,1294.699951,1294.699951,1294.699951,1294.699951,1
29/11/2017,1293.400024,1296.199951,1281.099976,1282.099976,1282.099976,275442
30/11/2017,1283.099976,1284.5,1269.699951,1273.199951,1273.199951,47244
1/12/2017,1274.099976,1288.599976,1271,1278.800049,1278.800049,3049
4/12/2017,1272.5,1276.099976,1270.300049,1274.300049,1274.300049,823
5/12/2017,1275.400024,1275.800049,1260,1261.599976,1261.599976,850
6/12/2017,1264.900024,1267.800049,1261.599976,1262.800049,1262.800049,1499
7/12/2017,1262.300049,1262.400024,1243.900024,1249.800049,1249.800049,373
8/12/2017,1246.300049,1249.300049,1241.5,1245.199951,1245.199951,358
11/12/2017,1248.400024,1249.199951,1239.900024,1243.699951,1243.699951,157
12/12/2017,1241.300049,1244.400024,1236.5,1238.5,1238.5,146
13/12/2017,1241.900024,1254.5,1239.800049,1245.400024,1245.400024,692
14/12/2017,1252.900024,1257.699951,1250.300049,1253.800049,1253.800049,349
15/12/2017,1253.099976,1260.300049,1253.099976,1254.300049,1254.300049,139
18/12/2017,1256.199951,1262.400024,1255.699951,1262.199951,1262.199951,578
19/12/2017,1261.099976,1264.300049,1259.5,1260.699951,1260.699951,45
20/12/2017,1261.300049,1266.599976,1261.300049,1266.099976,1266.099976,329
21/12/2017,1266.400024,1267.400024,1264.300049,1267.300049,1267.300049,63
22/12/2017,1266.300049,1276.300049,1266.300049,1275.400024,1275.400024,226
26/12/2017,1282.400024,1284.099976,1281.800049,1284.099976,1284.099976,119
27/12/2017,1284,1287,1284,1287,1287,84
28/12/2017,1288.199951,1294.099976,1288.199951,1294.099976,1294.099976,456
29/12/2017,1294.199951,1306.300049,1294,1306.300049,1306.300049,245
2/01/2018,1302.300049,1317.599976,1302.300049,1313.699951,1313.699951,65
3/01/2018,1320,1320.099976,1312.099976,1316.199951,1316.199951,68
4/01/2018,1319.400024,1322,1319.400024,1319.400024,1319.400024,42
5/01/2018,1320.300049,1320.300049,1320.300049,1320.300049,1320.300049,2
8/01/2018,1319.900024,1319.900024,1314.599976,1318.599976,1318.599976,1
9/01/2018,1309.599976,1311.699951,1309.599976,1311.699951,1311.699951,41
10/01/2018,1320.300049,1320.699951,1315.300049,1317.400024,1317.400024,16
11/01/2018,1317.099976,1320.599976,1316.300049,1320.599976,1320.599976,70
12/01/2018,1327.800049,1338.199951,1327.800049,1333.400024,1333.400024,9
16/01/2018,1331.099976,1335.400024,1331,1335.400024,1335.400024,14
17/01/2018,1334.400024,1338,1326.800049,1338,1338,13
18/01/2018,1328.900024,1328.900024,1326,1326,1326,27
19/01/2018,1330.099976,1333,1330.099976,1331.900024,1331.900024,211
22/01/2018,1328.400024,1330.900024,1328.400024,1330.900024,1330.900024,50
23/01/2018,1335.800049,1335.900024,1335.699951,1335.699951,1335.699951,162
24/01/2018,1355.900024,1357.199951,1355.900024,1355.900024,1355.900024,47
25/01/2018,1356.300049,1362.400024,1346.699951,1362.400024,1362.400024,18
26/01/2018,1351.599976,1352,1350.900024,1351.599976,1351.599976,4
30/01/2018,1338.699951,1347.800049,1332.800049,1335.400024,1335.400024,280546
31/01/2018,1337.5,1346.900024,1331.800049,1339,1339,52100
1/02/2018,1343.800049,1350.599976,1336.800049,1344.300049,1344.300049,4881
2/02/2018,1348.5,1352.099976,1327.699951,1333.699951,1333.699951,1680
5/02/2018,1331.099976,1340.199951,1329,1333,1333,2841
6/02/2018,1338.199951,1343.699951,1319.5,1326.099976,1326.099976,641
7/02/2018,1325.400024,1331.099976,1310.5,1311.599976,1311.599976,529
8/02/2018,1317.099976,1321.099976,1307,1316.900024,1316.900024,491
9/02/2018,1320.900024,1322,1311.900024,1313.099976,1313.099976,459
12/02/2018,1323.800049,1325.5,1318,1324.199951,1324.199951,451
13/02/2018,1324.5,1329.599976,1323.400024,1328.099976,1328.099976,140
14/02/2018,1332.800049,1355.5,1324,1355.5,1355.5,71
15/02/2018,1352,1355.900024,1349.699951,1352.099976,1352.099976,400
16/02/2018,1354,1361.400024,1344.900024,1353.199951,1353.199951,111
20/02/2018,1348.400024,1350.199951,1328.5,1328.800049,1328.800049,110
21/02/2018,1326.800049,1331.5,1324.400024,1330,1330,283
22/02/2018,1322,1331.400024,1322,1330.599976,1330.599976,119
23/02/2018,1328,1332.099976,1327.699951,1328.199951,1328.199951,70
26/02/2018,1335,1340.5,1330.699951,1330.699951,1330.699951,427
27/02/2018,1331.699951,1332.599976,1312.699951,1315.5,1315.5,652
28/02/2018,1315.400024,1321,1315.400024,1315.5,1315.5,710
1/03/2018,1310.400024,1318.099976,1301.800049,1302.900024,1302.900024,58
2/03/2018,1314.300049,1323.199951,1314.300049,1321.099976,1321.099976,43
5/03/2018,1323.5,1325.900024,1318.099976,1318.099976,1318.099976,155
6/03/2018,1321.599976,1333.599976,1321.400024,1333.599976,1333.599976,18
7/03/2018,1338.099976,1338.099976,1326,1326,1326,18
8/03/2018,1324.800049,1326.800049,1319.300049,1319.900024,1319.900024,27
9/03/2018,1316.800049,1322.400024,1313,1322.400024,1322.400024,62
12/03/2018,1319.400024,1319.400024,1319.400024,1319.400024,1319.400024,88
13/03/2018,1325.900024,1325.900024,1325.300049,1325.900024,1325.900024,0
14/03/2018,1322.199951,1324.400024,1322.199951,1324.400024,1324.400024,13
15/03/2018,1316.800049,1316.800049,1316.800049,1316.800049,1316.800049,19
16/03/2018,1310.099976,1311.300049,1310.099976,1311.300049,1311.300049,0
19/03/2018,1309.400024,1316.900024,1307.300049,1316.800049,1316.800049,34
20/03/2018,1311.099976,1311.099976,1311.099976,1311.099976,1311.099976,6
21/03/2018,1312.400024,1328.800049,1312.400024,1320.699951,1320.699951,4
22/03/2018,1326.599976,1326.599976,1326.599976,1326.599976,1326.599976,34
23/03/2018,1343.199951,1349.300049,1343.199951,1349.300049,1349.300049,0
26/03/2018,1348.5,1354.400024,1345.099976,1354.400024,1354.400024,8
27/03/2018,1341,1341.300049,1341,1341.300049,1341.300049,10
28/03/2018,1345,1346.400024,1322.400024,1324.199951,1324.199951,290889
29/03/2018,1324,1327.099976,1321.699951,1322.800049,1322.800049,59284
2/04/2018,1327,1344.199951,1324.699951,1342.099976,1342.099976,5585
3/04/2018,1340.400024,1341.5,1328.5,1332.800049,1332.800049,649
4/04/2018,1331.800049,1347.300049,1331.599976,1335.800049,1335.800049,702
5/04/2018,1333.5,1333.699951,1322.599976,1324.300049,1324.300049,718
6/04/2018,1326.5,1333,1319,1331.900024,1331.900024,258
9/04/2018,1333,1337.5,1327,1336.300049,1336.300049,348
10/04/2018,1335.199951,1342,1333,1342,1342,290
11/04/2018,1340.099976,1365.400024,1340.099976,1356.5,1356.5,105
12/04/2018,1351.199951,1351.5,1334.599976,1338.400024,1338.400024,118
13/04/2018,1335.900024,1346,1335.900024,1344.800049,1344.800049,34
16/04/2018,1341,1348.800049,1341,1347.5,1347.5,67
17/04/2018,1348,1348.099976,1339,1347.199951,1347.199951,60
18/04/2018,1343.5,1354.199951,1343.5,1351.199951,1351.199951,409
19/04/2018,1348.599976,1355.199951,1341.599976,1346.800049,1346.800049,45
20/04/2018,1342.5,1343.400024,1335.300049,1336.699951,1336.699951,387
23/04/2018,1334,1334.400024,1322.5,1322.5,1322.5,310
24/04/2018,1326.400024,1331.699951,1326.199951,1331.400024,1331.400024,68
25/04/2018,1324,1325,1320,1321.199951,1321.199951,28
26/04/2018,1315.699951,1316.300049,1315.699951,1316.300049,1316.300049,278
27/04/2018,1315.300049,1321.699951,1312.800049,1320.300049,1320.300049,569
30/04/2018,1309.599976,1316.199951,1309.599976,1316.199951,1316.199951,622
1/05/2018,1313.199951,1313.800049,1303.400024,1303.800049,1303.800049,49
2/05/2018,1309,1309.300049,1302.599976,1302.599976,1302.599976,28
3/05/2018,1310.699951,1310.699951,1310.699951,1310.699951,1310.699951,23
4/05/2018,1312.699951,1312.699951,1312.699951,1312.699951,1312.699951,4
7/05/2018,1310.599976,1312.5,1310.199951,1312.199951,1312.199951,0
8/05/2018,1310.099976,1312,1308.5,1312,1312,4
9/05/2018,1311.300049,1311.300049,1311.300049,1311.300049,1311.300049,337
10/05/2018,1312.199951,1320.800049,1312.199951,1320.800049,1320.800049,70
11/05/2018,1319,1319,1319,1319,1319,8
14/05/2018,1319.900024,1319.900024,1316.5,1316.5,1316.5,3
15/05/2018,1304.599976,1304.699951,1288.900024,1288.900024,1288.900024,4
16/05/2018,1290.900024,1294,1285.400024,1290.199951,1290.199951,8
17/05/2018,1291.300049,1291.300049,1288.199951,1288.199951,1288.199951,26
18/05/2018,1285.199951,1290.199951,1285.199951,1290.199951,1290.199951,2
21/05/2018,1287.400024,1292.099976,1287.400024,1290.199951,1290.199951,2
22/05/2018,1291.699951,1291.699951,1291.699951,1291.699951,1291.699951,52
23/05/2018,1289.300049,1289.300049,1289.300049,1289.300049,1289.300049,50
24/05/2018,1303.699951,1303.699951,1303.699951,1303.699951,1303.699951,10
25/05/2018,1303.300049,1303.300049,1303.300049,1303.300049,1303.300049,0
29/05/2018,1298.699951,1298.699951,1298.699951,1298.699951,1298.699951,1
30/05/2018,1298,1303.699951,1295.199951,1301.5,1301.5,386334
31/05/2018,1301,1306.800049,1296.599976,1300.099976,1300.099976,50845
1/06/2018,1298.599976,1299.5,1288.900024,1294.800049,1294.800049,4082
4/06/2018,1293.900024,1297.099976,1290,1293.099976,1293.099976,663
5/06/2018,1292.099976,1299.800049,1289.900024,1297.5,1297.5,144
6/06/2018,1296.099976,1300.400024,1294.099976,1297.099976,1297.099976,357
7/06/2018,1298.400024,1302.800049,1296.199951,1298.699951,1298.699951,373
8/06/2018,1295.300049,1299.400024,1294.800049,1298.099976,1298.099976,79
11/06/2018,1299.300049,1302,1295.199951,1298.900024,1298.900024,650
12/06/2018,1297.800049,1298.099976,1292.699951,1295.099976,1295.099976,71
13/06/2018,1294,1299.400024,1290.900024,1296.900024,1296.900024,153
14/06/2018,1297.199951,1307.699951,1297.199951,1304,1304,135
15/06/2018,1297.199951,1307.699951,1274,1274.599976,1274.599976,42
18/06/2018,1280.699951,1280.699951,1276.199951,1276.199951,1276.199951,589
19/06/2018,1278.699951,1281.800049,1269.900024,1275.599976,1275.599976,35
20/06/2018,1274.400024,1274.400024,1271.199951,1271.199951,1271.199951,34
21/06/2018,1262.699951,1268.900024,1260,1267.199951,1267.199951,7
22/06/2018,1268.099976,1270.199951,1267,1267.400024,1267.400024,46
25/06/2018,1270.599976,1271.199951,1265.599976,1265.599976,1265.599976,74
26/06/2018,1267.199951,1267.199951,1256.599976,1256.599976,1256.599976,37
27/06/2018,1255.5,1255.5,1252.300049,1252.800049,1252.800049,89
28/06/2018,1251.699951,1251.699951,1244.800049,1247.800049,1247.800049,1162
29/06/2018,1250.300049,1253.300049,1249.099976,1251.300049,1251.300049,378
2/07/2018,1249.900024,1249.900024,1239.800049,1239.800049,1239.800049,48
5/07/2018,1255.5,1257.300049,1253.599976,1257.300049,1257.300049,36
6/07/2018,1255.5,1255.5,1254.300049,1254.300049,1254.300049,9
9/07/2018,1258.199951,1262.300049,1257.699951,1258.099976,1258.099976,7
10/07/2018,1256.199951,1256.900024,1249.300049,1253.800049,1253.800049,37
11/07/2018,1253.199951,1253.199951,1242.800049,1242.800049,1242.800049,65
12/07/2018,1240.900024,1246.699951,1240.900024,1245,1245,30
13/07/2018,1244.699951,1247,1239.599976,1239.599976,1239.599976,7
16/07/2018,1242.699951,1243.800049,1238.099976,1238.099976,1238.099976,2
17/07/2018,1225.699951,1225.699951,1225.699951,1225.699951,1225.699951,2
18/07/2018,1226.699951,1226.699951,1222.199951,1226.300049,1226.300049,0
19/07/2018,1227.199951,1228,1211.699951,1222.400024,1222.400024,67
20/07/2018,1229.5,1229.5,1229.5,1229.5,1229.5,33
23/07/2018,1222,1224,1222,1224,1224,0
24/07/2018,1223.900024,1223.900024,1223.900024,1223.900024,1223.900024,1
25/07/2018,1231.400024,1231.400024,1231.400024,1231.400024,1231.400024,0
26/07/2018,1227.800049,1227.800049,1225.300049,1225.300049,1225.300049,0
27/07/2018,1222.599976,1222.599976,1222.599976,1222.599976,1222.599976,1
30/07/2018,1222.5,1223.900024,1218.099976,1221.300049,1221.300049,254428
31/07/2018,1220.400024,1228.099976,1213,1223.699951,1223.699951,62239
1/08/2018,1222.900024,1223.699951,1214.400024,1217.900024,1217.900024,2722
2/08/2018,1214.699951,1219.300049,1205.800049,1210.599976,1210.599976,1026
3/08/2018,1206.5,1218.599976,1205.099976,1214.199951,1214.199951,411
6/08/2018,1214.400024,1214.400024,1206.599976,1208.599976,1208.599976,784
7/08/2018,1207.800049,1214.800049,1207.800049,1209.599976,1209.599976,297
8/08/2018,1212,1215.199951,1205.900024,1212.599976,1212.599976,715
9/08/2018,1214.5,1215.300049,1211.599976,1211.900024,1211.900024,209
10/08/2018,1212.5,1216.400024,1205.599976,1211.099976,1211.099976,44
13/08/2018,1207,1207.400024,1191.300049,1191.300049,1191.300049,75
14/08/2018,1193.099976,1197.5,1192.800049,1193,1193,78
15/08/2018,1187.800049,1188.099976,1174.599976,1177.5,1177.5,92
16/08/2018,1173.199951,1180.199951,1161.400024,1176.199951,1176.199951,71
17/08/2018,1174.699951,1181.199951,1174.699951,1176.5,1176.5,123
20/08/2018,1184.800049,1190,1184.400024,1186.800049,1186.800049,66
21/08/2018,1189.800049,1192.599976,1189.800049,1192.599976,1192.599976,68
22/08/2018,1194.699951,1196.300049,1194.699951,1196.300049,1196.300049,22
23/08/2018,1189.300049,1190.300049,1184.900024,1187,1187,17
24/08/2018,1185.300049,1208,1185.300049,1206.300049,1206.300049,95
27/08/2018,1210.300049,1211.400024,1205.199951,1209,1209,12
28/08/2018,1209.699951,1217,1202.300049,1207.400024,1207.400024,154
29/08/2018,1205.199951,1205.199951,1202.400024,1204.5,1204.5,136
30/08/2018,1205.400024,1205.599976,1196,1197.699951,1197.699951,817
31/08/2018,1207.099976,1208.199951,1199.099976,1200.300049,1200.300049,493
4/09/2018,1193.800049,1193.800049,1189.900024,1192.699951,1192.699951,191
5/09/2018,1192.5,1196,1192.5,1194.900024,1194.900024,26
6/09/2018,1202,1202,1197.900024,1197.900024,1197.900024,21
7/09/2018,1198.300049,1198.300049,1193.099976,1193.599976,1193.599976,7
10/09/2018,1193,1193,1193,1193,1193,29
11/09/2018,1190.400024,1196.300049,1190.400024,1195.400024,1195.400024,11
12/09/2018,1205,1205,1204.699951,1204.699951,1204.699951,21
13/09/2018,1203.400024,1203.400024,1200,1202,1202,37
14/09/2018,1195,1195,1195,1195,1195,22
17/09/2018,1199.699951,1199.699951,1199.699951,1199.699951,1199.699951,1
18/09/2018,1198.699951,1198.699951,1196.800049,1196.800049,1196.800049,0
19/09/2018,1202.199951,1202.199951,1202.199951,1202.199951,1202.199951,2
20/09/2018,1206.199951,1206.199951,1206.199951,1206.199951,1206.199951,0
21/09/2018,1196.199951,1196.199951,1196.199951,1196.199951,1196.199951,0
24/09/2018,1199.300049,1199.300049,1199.300049,1199.300049,1199.300049,0
25/09/2018,1202.099976,1202.800049,1200,1200,1200,0
26/09/2018,1194,1194,1194,1194,1194,21
27/09/2018,1194.599976,1197.300049,1180.5,1182.300049,1182.300049,17857
28/09/2018,1181.699951,1191.900024,1180,1191.5,1191.5,4947
1/10/2018,1191.599976,1191.599976,1185.800049,1187.099976,1187.099976,404
2/10/2018,1193,1206,1190.300049,1202.400024,1202.400024,180
3/10/2018,1202.599976,1202.599976,1196.599976,1198.300049,1198.300049,451
4/10/2018,1199.300049,1204.599976,1197.199951,1197.199951,1197.199951,76
5/10/2018,1197.099976,1205.300049,1196.900024,1201.199951,1201.199951,496
8/10/2018,1201,1201,1183.699951,1184.400024,1184.400024,34
9/10/2018,1185.599976,1189.099976,1185.599976,1187.199951,1187.199951,250
10/10/2018,1189.300049,1192,1189.300049,1189.300049,1189.300049,9
11/10/2018,1198.099976,1224.599976,1196.300049,1223.5,1223.5,1078
12/10/2018,1221.599976,1221.599976,1216,1218.099976,1218.099976,126
15/10/2018,1222.400024,1232.300049,1222.400024,1226.400024,1226.400024,122
16/10/2018,1227.099976,1230.5,1227.099976,1227.300049,1227.300049,136
17/10/2018,1225.900024,1225.900024,1223.699951,1223.699951,1223.699951,426
18/10/2018,1226.5,1226.5,1226.5,1226.5,1226.5,1
19/10/2018,1225.300049,1225.300049,1225.300049,1225.300049,1225.300049,165
22/10/2018,1224.5,1224.5,1219.599976,1221.199951,1221.199951,55
23/10/2018,1224.800049,1237.800049,1224.800049,1233.400024,1233.400024,18
24/10/2018,1231.599976,1231.599976,1227.800049,1227.800049,1227.800049,33
25/10/2018,1238.599976,1238.599976,1229.099976,1229.099976,1229.099976,36
26/10/2018,1234.300049,1234.800049,1232.5,1232.5,1232.5,7
29/10/2018,1224.5,1224.5,1224.5,1224.5,1224.5,20
30/10/2018,1227.699951,1227.699951,1219.800049,1222.599976,1222.599976,214
31/10/2018,1216,1216.599976,1212,1212.300049,1212.300049,72
1/11/2018,1215.400024,1236,1215.400024,1236,1236,121
2/11/2018,1233.300049,1233.300049,1230.900024,1230.900024,1230.900024,14
5/11/2018,1230.599976,1231.5,1226.699951,1229.800049,1229.800049,18
6/11/2018,1230.699951,1233.800049,1223.800049,1223.800049,1223.800049,15
7/11/2018,1228.599976,1228.599976,1226.199951,1226.199951,1226.199951,4
8/11/2018,1222.900024,1222.900024,1222.900024,1222.900024,1222.900024,1
9/11/2018,1207.900024,1207.900024,1206.400024,1206.400024,1206.400024,2
12/11/2018,1201.599976,1201.599976,1201.300049,1201.300049,1201.300049,14
13/11/2018,1196.300049,1201.300049,1196.300049,1199.199951,1199.199951,1
14/11/2018,1207.900024,1207.900024,1207.900024,1207.900024,1207.900024,5
15/11/2018,1212.800049,1212.800049,1212.800049,1212.800049,1212.800049,0
16/11/2018,1216.699951,1223.800049,1216.699951,1220.800049,1220.800049,0
19/11/2018,1223.099976,1223.099976,1223.099976,1223.099976,1223.099976,5
20/11/2018,1225.300049,1228.800049,1219,1219,1219,0
21/11/2018,1225.800049,1225.800049,1225.800049,1225.800049,1225.800049,12
26/11/2018,1220.199951,1222,1220.199951,1220.199951,1220.199951,1
27/11/2018,1221.900024,1222,1211.199951,1211.199951,1211.199951,2
28/11/2018,1211.5,1221.400024,1211.5,1221.400024,1221.400024,5
29/11/2018,1221,1228.699951,1220.5,1224.099976,1224.099976,247168
30/11/2018,1224.099976,1225,1216.099976,1220.199951,1220.199951,55478
3/12/2018,1222.5,1234.099976,1221.300049,1233.900024,1233.900024,2060
4/12/2018,1231,1241.400024,1230.400024,1241.099976,1241.099976,751
6/12/2018,1237.5,1244.400024,1234.800049,1238.099976,1238.099976,125
7/12/2018,1238.300049,1249.800049,1237.599976,1246.800049,1246.800049,434
10/12/2018,1249.599976,1249.599976,1241.699951,1243.699951,1243.699951,211
11/12/2018,1245.800049,1248.699951,1241.5,1241.900024,1241.900024,131
12/12/2018,1245.300049,1245.599976,1244.099976,1244.400024,1244.400024,117
13/12/2018,1243.5,1243.5,1241,1242.699951,1242.699951,84
14/12/2018,1241.699951,1241.699951,1234.099976,1237,1237,194
17/12/2018,1239.300049,1247.400024,1239.300049,1247.400024,1247.400024,33
18/12/2018,1248.199951,1249.199951,1245.599976,1249.199951,1249.199951,10
19/12/2018,1255.800049,1255.800049,1252.099976,1252.099976,1252.099976,31
20/12/2018,1243.199951,1263.599976,1243.199951,1263.599976,1263.599976,268
21/12/2018,1260.300049,1261.300049,1253.800049,1253.800049,1253.800049,49
26/12/2018,1269.300049,1277.400024,1269.199951,1269.199951,1269.199951,27
27/12/2018,1276.699951,1277.300049,1276.699951,1277.300049,1277.300049,63
28/12/2018,1273.5,1280.099976,1273.5,1279.900024,1279.900024,480
31/12/2018,1278,1281.300049,1277.599976,1278.300049,1278.300049,805
2/01/2019,1286,1286,1277.599976,1281,1281,19
3/01/2019,1286.800049,1292,1286.699951,1291.800049,1291.800049,149
4/01/2019,1294.199951,1294.199951,1275.300049,1282.699951,1282.699951,10
7/01/2019,1286.800049,1286.800049,1286.599976,1286.800049,1286.800049,34
8/01/2019,1280.5,1283.199951,1278.199951,1283.199951,1283.199951,2
9/01/2019,1279.400024,1289.300049,1279.199951,1289.300049,1289.300049,54
10/01/2019,1284.699951,1284.699951,1284.699951,1284.699951,1284.699951,102
11/01/2019,1291.199951,1291.199951,1286.300049,1287.099976,1287.099976,0
14/01/2019,1292.400024,1293.900024,1289.099976,1289.099976,1289.099976,11
15/01/2019,1290.099976,1292.699951,1286.199951,1286.199951,1286.199951,7
16/01/2019,1291.599976,1291.599976,1291.599976,1291.599976,1291.599976,3
17/01/2019,1291.599976,1292.699951,1288.5,1291,1291,2
18/01/2019,1281.300049,1281.300049,1281.300049,1281.300049,1281.300049,10
22/01/2019,1282.5,1283.300049,1282.5,1282.5,1282.5,3
23/01/2019,1281.699951,1283.900024,1278.699951,1283.099976,1283.099976,7
24/01/2019,1279.099976,1279.099976,1278.5,1279.099976,1279.099976,14
25/01/2019,1297.400024,1297.400024,1297.400024,1297.400024,1297.400024,1
28/01/2019,1300.800049,1307.099976,1298.400024,1302.400024,1302.400024,0
29/01/2019,1308.199951,1308.199951,1308.199951,1308.199951,1308.199951,54
30/01/2019,1310.400024,1323.400024,1308.099976,1309.900024,1309.900024,213607
31/01/2019,1320,1325.400024,1316.699951,1319.699951,1319.699951,54958
1/02/2019,1320.300049,1320.699951,1315.400024,1316.900024,1316.900024,1970
4/02/2019,1318.099976,1318.099976,1308.300049,1314.300049,1314.300049,878
5/02/2019,1311.099976,1315.099976,1311,1314.199951,1314.199951,675
6/02/2019,1312.5,1313.5,1305,1309.5,1309.5,362
7/02/2019,1302.900024,1310.400024,1302.199951,1309.400024,1309.400024,358
8/02/2019,1309.5,1314,1307.800049,1313.699951,1313.699951,203
11/02/2019,1313.400024,1313.400024,1304.699951,1307,1307,122
12/02/2019,1310,1312,1307.599976,1309.199951,1309.199951,119
13/02/2019,1311.599976,1316,1308.099976,1310.800049,1310.800049,109
14/02/2019,1305,1311.800049,1301.599976,1309.800049,1309.800049,143
15/02/2019,1313.599976,1318.800049,1313.599976,1318.099976,1318.099976,858
19/02/2019,1320.900024,1340.099976,1320.5,1340.099976,1340.099976,190
20/02/2019,1342.199951,1344,1338,1343.300049,1343.300049,390
21/02/2019,1331.300049,1334.900024,1320.900024,1323.5,1323.5,581
22/02/2019,1324.199951,1331.300049,1321,1329.199951,1329.199951,414
25/02/2019,1329.199951,1331.599976,1325.599976,1325.900024,1325.900024,718
26/02/2019,1323.300049,1325.5,1323.300049,1325.099976,1325.099976,185
27/02/2019,1327.699951,1327.900024,1316.5,1317.699951,1317.699951,939
28/02/2019,1321.099976,1323.699951,1311.5,1312.800049,1312.800049,604
1/03/2019,1312.199951,1312.199951,1288.900024,1296.400024,1296.400024,141
4/03/2019,1285.5,1287,1281.900024,1284.800049,1284.800049,110
5/03/2019,1287,1287,1282,1282,1282,28
6/03/2019,1287.099976,1287.099976,1282.599976,1284.900024,1284.900024,114
7/03/2019,1281,1284.599976,1281,1283.800049,1283.800049,14
8/03/2019,1292.099976,1297.400024,1291.599976,1297,1297,11
11/03/2019,1291,1291,1288.800049,1288.800049,1288.800049,10
12/03/2019,1294.699951,1296.300049,1294.699951,1296.300049,1296.300049,9
13/03/2019,1307.5,1307.5,1307.5,1307.5,1307.5,1
14/03/2019,1293.400024,1293.400024,1293.400024,1293.400024,1293.400024,0
15/03/2019,1300.900024,1304.699951,1300.5,1301.800049,1301.800049,1
18/03/2019,1297.300049,1302.199951,1297.300049,1300.300049,1300.300049,26
19/03/2019,1306.900024,1306.900024,1304.800049,1305,1305,8
20/03/2019,1300.699951,1300.699951,1300.5,1300.5,1300.5,20
21/03/2019,1306.099976,1306.099976,1306.099976,1306.099976,1306.099976,2
22/03/2019,1311.599976,1311.599976,1311.599976,1311.599976,1311.599976,0
25/03/2019,1320.699951,1322.900024,1320.699951,1321.900024,1321.900024,0
26/03/2019,1315.599976,1315.599976,1314.300049,1314.300049,1314.300049,19
27/03/2019,1309.900024,1309.900024,1309.900024,1309.900024,1309.900024,1
28/03/2019,1308.400024,1311.099976,1287.699951,1289.800049,1289.800049,206263
29/03/2019,1289.599976,1298.5,1286.099976,1293,1293,87798
1/04/2019,1291.800049,1295.900024,1285.699951,1288.400024,1288.400024,1265
2/04/2019,1286.300049,1290.900024,1284.5,1290,1290,675
3/04/2019,1291.400024,1293.099976,1287.5,1289.900024,1289.900024,525
4/04/2019,1290.599976,1292.599976,1279.5,1289,1289,172
5/04/2019,1292,1292,1283.599976,1290.400024,1290.400024,269
8/04/2019,1292.199951,1302.099976,1291.800049,1297.099976,1297.099976,181
9/04/2019,1298.5,1304.900024,1298.5,1303.5,1303.5,63
10/04/2019,1304,1309.099976,1301.5,1309.099976,1309.099976,30
11/04/2019,1307,1307.099976,1288.599976,1288.599976,1288.599976,66
12/04/2019,1293.400024,1293.400024,1289.199951,1290.599976,1290.599976,420
15/04/2019,1284.800049,1287.300049,1282.300049,1286.800049,1286.800049,607
16/04/2019,1285.199951,1285.199951,1272.199951,1272.599976,1272.599976,523
17/04/2019,1273.5,1273.5,1271.599976,1272.199951,1272.199951,643
18/04/2019,1270.800049,1273.599976,1270.099976,1271.900024,1271.900024,308
22/04/2019,1273.5,1273.5,1273.5,1273.5,1273.5,27
23/04/2019,1266.400024,1269.800049,1266,1269.300049,1269.300049,147
24/04/2019,1268.400024,1275.5,1267.800049,1275.5,1275.5,206
25/04/2019,1280.599976,1280.800049,1275.800049,1275.800049,1275.800049,518
26/04/2019,1284.900024,1284.900024,1284.900024,1284.900024,1284.900024,95
29/04/2019,1284.800049,1284.900024,1277.099976,1278.599976,1278.599976,804
30/04/2019,1281.699951,1283.300049,1280.800049,1282.800049,1282.800049,568
1/05/2019,1278.699951,1283.300049,1278.699951,1281.400024,1281.400024,114
2/05/2019,1269.199951,1270.800049,1266.599976,1269.699951,1269.699951,70
3/05/2019,1270.099976,1279.199951,1270.099976,1279.199951,1279.199951,63
6/05/2019,1282.199951,1282.199951,1280.300049,1281.699951,1281.699951,15
7/05/2019,1280.5,1283.5,1280.5,1283.5,1283.5,12
8/05/2019,1279.400024,1279.400024,1279.400024,1279.400024,1279.400024,8
9/05/2019,1278.900024,1285,1278.800049,1283.5,1283.5,5
10/05/2019,1285.400024,1286.5,1283.300049,1285.699951,1285.699951,38
13/05/2019,1286.699951,1300.099976,1281.800049,1300.099976,1300.099976,6
14/05/2019,1297.800049,1297.800049,1294.699951,1294.699951,1294.699951,56
15/05/2019,1296.900024,1296.900024,1296,1296.300049,1296.300049,6
16/05/2019,1285.199951,1285.400024,1285,1285,1285,55
17/05/2019,1280,1280,1274.5,1274.5,1274.5,3
20/05/2019,1276.099976,1276.099976,1276.099976,1276.099976,1276.099976,1
21/05/2019,1272,1272,1272,1272,1272,20
22/05/2019,1273.599976,1273.599976,1273.599976,1273.599976,1273.599976,0
23/05/2019,1284.800049,1284.800049,1284.800049,1284.800049,1284.800049,0
24/05/2019,1283,1283,1283,1283,1283,0
28/05/2019,1276.5,1276.5,1276.5,1276.5,1276.5,9
29/05/2019,1280.599976,1280.599976,1280.599976,1280.599976,1280.599976,0
30/05/2019,1279.400024,1288.300049,1273.900024,1287.099976,1287.099976,189694
31/05/2019,1287.699951,1306.400024,1287.5,1305.800049,1305.800049,55573
3/06/2019,1307,1327.800049,1307,1322.699951,1322.699951,2814
4/06/2019,1324.300049,1328.599976,1320.800049,1323.400024,1323.400024,812
5/06/2019,1328.900024,1343.300049,1326.300049,1328.300049,1328.300049,302
6/06/2019,1330.800049,1338.699951,1326.199951,1337.599976,1337.599976,622
7/06/2019,1333.099976,1347.699951,1329.800049,1341.199951,1341.199951,161
10/06/2019,1335.800049,1336.5,1324.099976,1324.699951,1324.699951,240
11/06/2019,1328.400024,1328.400024,1319.099976,1326.400024,1326.400024,268
12/06/2019,1326.900024,1334.5,1326.900024,1331.900024,1331.900024,201
13/06/2019,1331.599976,1341.099976,1331.599976,1339.199951,1339.199951,139
14/06/2019,1345.400024,1355.400024,1339.300049,1340.099976,1340.099976,157
17/06/2019,1339,1340.300049,1335,1338.699951,1338.699951,914
18/06/2019,1349.300049,1349.300049,1341.599976,1346.599976,1346.599976,76
19/06/2019,1344,1344.599976,1344,1344.599976,1344.599976,29
20/06/2019,1381.5,1392.900024,1379.5,1392.900024,1392.900024,129
21/06/2019,1406,1406,1390.300049,1396.199951,1396.199951,76
24/06/2019,1406,1420.599976,1402.099976,1414.300049,1414.300049,35
25/06/2019,1418.099976,1433.300049,1414.900024,1414.900024,1414.900024,125
26/06/2019,1407.199951,1413.300049,1405.800049,1411.599976,1411.599976,105
27/06/2019,1407,1410.800049,1399.800049,1408.400024,1408.400024,1333
28/06/2019,1408.300049,1422,1408.300049,1409.699951,1409.699951,437
1/07/2019,1386.599976,1395.800049,1382.800049,1385.599976,1385.599976,356
2/07/2019,1391.099976,1418.400024,1390.800049,1404.599976,1404.599976,214
5/07/2019,1418.300049,1418.300049,1390.199951,1396.699951,1396.699951,46
8/07/2019,1395.900024,1397,1393.599976,1397,1397,20
9/07/2019,1394.5,1397.5,1386.199951,1397.5,1397.5,14
10/07/2019,1409.900024,1410.099976,1409.900024,1410.099976,1410.099976,53
11/07/2019,1424,1424,1404.300049,1404.300049,1404.300049,50
12/07/2019,1405.599976,1410.099976,1405.599976,1409.900024,1409.900024,6
15/07/2019,1414.400024,1415,1411.400024,1411.400024,1411.400024,8
16/07/2019,1413.599976,1413.699951,1405,1409.199951,1409.199951,25
17/07/2019,1404.599976,1421.300049,1404.599976,1421.300049,1421.300049,13
18/07/2019,1422.300049,1444.199951,1419.5,1426.099976,1426.099976,6
19/07/2019,1440.5,1442,1425.099976,1425.099976,1425.099976,66
22/07/2019,1425.300049,1425.300049,1424,1425.300049,1425.300049,22
23/07/2019,1418.599976,1421.300049,1416.300049,1420.099976,1420.099976,1
24/07/2019,1422.800049,1422.800049,1422.800049,1422.800049,1422.800049,5
25/07/2019,1413.900024,1413.900024,1413.900024,1413.900024,1413.900024,20
26/07/2019,1422.800049,1423,1418.5,1418.5,1418.5,4
29/07/2019,1419.599976,1419.599976,1419.599976,1419.599976,1419.599976,5
30/07/2019,1426.300049,1433.900024,1422.099976,1429.699951,1429.699951,224267
31/07/2019,1431.300049,1435.800049,1411.199951,1426.099976,1426.099976,73874
1/08/2019,1411.300049,1445.199951,1400.900024,1420.900024,1420.900024,3294
2/08/2019,1448,1448,1432.300049,1445.599976,1445.599976,2431
5/08/2019,1440.400024,1469.699951,1440.400024,1464.599976,1464.599976,1873
6/08/2019,1469.699951,1475,1457.699951,1472.400024,1472.400024,1008
7/08/2019,1473.5,1509.900024,1473.199951,1507.300049,1507.300049,460
8/08/2019,1498.400024,1508.5,1492,1497.699951,1497.699951,824
9/08/2019,1506.199951,1507.5,1495.599976,1496.599976,1496.599976,367
12/08/2019,1496,1514.900024,1488.099976,1505.300049,1505.300049,74
13/08/2019,1510.400024,1531.400024,1483.699951,1502.199951,1502.199951,257
14/08/2019,1500,1520.5,1497,1515.900024,1515.900024,672
15/08/2019,1519.800049,1522.699951,1510.599976,1519.599976,1519.599976,328
16/08/2019,1524.599976,1524.599976,1504.699951,1512.5,1512.5,87
19/08/2019,1507.199951,1507.599976,1492.900024,1500.400024,1500.400024,1815
20/08/2019,1497.5,1506.099976,1497.5,1504.599976,1504.599976,205
21/08/2019,1504.900024,1505,1498.800049,1504.599976,1504.599976,486
22/08/2019,1495.099976,1497.300049,1493.800049,1497.300049,1497.300049,350
23/08/2019,1493.5,1527.599976,1493.5,1526.599976,1526.599976,686
26/08/2019,1543.199951,1543.300049,1524.300049,1526.300049,1526.300049,983
27/08/2019,1530.5,1542.099976,1528.5,1541,1541,334
28/08/2019,1538.099976,1538.099976,1537.800049,1537.800049,1537.800049,166
29/08/2019,1537.5,1549.300049,1519.599976,1526.5,1526.5,2756
30/08/2019,1524.599976,1530.400024,1516.699951,1519.099976,1519.099976,704
3/09/2019,1522.900024,1547.300049,1521,1545.900024,1545.900024,276
4/09/2019,1549,1553.199951,1534.800049,1550.300049,1550.300049,139
5/09/2019,1551,1551.099976,1511.099976,1515.400024,1515.400024,46
6/09/2019,1517.300049,1526,1504.5,1506.199951,1506.199951,125
9/09/2019,1509,1513,1498,1502.199951,1502.199951,54
10/09/2019,1498.5,1498.5,1486.900024,1490.300049,1490.300049,69
11/09/2019,1491.699951,1496.599976,1490.199951,1494.400024,1494.400024,23
12/09/2019,1499.5,1515.400024,1498.699951,1498.699951,1498.699951,8
13/09/2019,1490.900024,1490.900024,1486.900024,1490.900024,1490.900024,27
16/09/2019,1506.599976,1506.800049,1496.900024,1503.099976,1503.099976,1
17/09/2019,1497.900024,1505.099976,1497.900024,1505.099976,1505.099976,21
18/09/2019,1508.900024,1509.400024,1489.300049,1507.5,1507.5,3
19/09/2019,1496.099976,1502.400024,1496.099976,1498.400024,1498.400024,8
20/09/2019,1503,1507.300049,1503,1507.300049,1507.300049,10
23/09/2019,1515.5,1523.699951,1515.5,1523.699951,1523.699951,2
24/09/2019,1515.099976,1533,1515.099976,1532.099976,1532.099976,5
25/09/2019,1527.599976,1527.900024,1504.599976,1504.599976,1504.599976,25
26/09/2019,1507.5,1507.5,1507.5,1507.5,1507.5,25
27/09/2019,1504.199951,1506.099976,1485.599976,1499.099976,1499.099976,8178
30/09/2019,1495.900024,1495.900024,1463.5,1465.699951,1465.699951,7827
1/10/2019,1468.699951,1485.5,1458.300049,1482,1482,1078
2/10/2019,1476.599976,1503.699951,1474.099976,1501,1501,219
3/10/2019,1497.400024,1518.199951,1496.599976,1507.099976,1507.099976,205
4/10/2019,1505.599976,1508.699951,1497.099976,1506.199951,1506.199951,1213
7/10/2019,1504.800049,1505.800049,1489.099976,1497.699951,1497.699951,233
8/10/2019,1489.400024,1506.300049,1489.300049,1497.199951,1497.199951,121
9/10/2019,1507.699951,1507.699951,1498.400024,1506.099976,1506.099976,46
10/10/2019,1511.199951,1511.199951,1490.599976,1494.800049,1494.800049,120
11/10/2019,1491.900024,1494.900024,1476.900024,1482.699951,1482.699951,78
14/10/2019,1484.400024,1493.5,1481.300049,1491.699951,1491.699951,57
15/10/2019,1488.900024,1495.400024,1476.599976,1477.599976,1477.599976,400
16/10/2019,1482,1488,1480,1488,1488,367
17/10/2019,1486.199951,1493.199951,1485.800049,1492.300049,1492.300049,383
18/10/2019,1487.300049,1489.099976,1486.599976,1488.199951,1488.199951,271
21/10/2019,1489.900024,1489.900024,1481.5,1482.400024,1482.400024,82
22/10/2019,1483.400024,1483.5,1481.699951,1481.699951,1481.699951,72
23/10/2019,1486.400024,1490.300049,1486.400024,1489.900024,1489.900024,99
24/10/2019,1490.5,1501.199951,1485.900024,1498.900024,1498.900024,67
25/10/2019,1501.400024,1514.300049,1499,1499.5,1499.5,115
28/10/2019,1504.099976,1504.099976,1490,1490,1490,93
29/10/2019,1485.900024,1487,1485.900024,1487,1487,37
30/10/2019,1487.199951,1495.400024,1481,1493.199951,1493.199951,425
31/10/2019,1496.099976,1513.099976,1496.099976,1511.400024,1511.400024,320
1/11/2019,1511,1511.599976,1503,1508,1508,210
4/11/2019,1511.599976,1511.599976,1508,1508,1508,235
5/11/2019,1507.099976,1507.099976,1480.800049,1480.800049,1480.800049,101
6/11/2019,1483.199951,1491,1483.199951,1490.199951,1490.199951,31
7/11/2019,1489.099976,1489.099976,1464.199951,1464.199951,1464.199951,567
8/11/2019,1469.099976,1469.099976,1461.300049,1461.300049,1461.300049,581
11/11/2019,1461,1461,1449.300049,1455.5,1455.5,21
12/11/2019,1454.900024,1454.900024,1447.099976,1452.099976,1452.099976,22
13/11/2019,1456.800049,1463.300049,1456.800049,1461.699951,1461.699951,6
14/11/2019,1463.800049,1471.800049,1463.699951,1471.800049,1471.800049,56
15/11/2019,1469.099976,1469.099976,1467.300049,1467.300049,1467.300049,83
18/11/2019,1472,1472,1469.699951,1470.900024,1470.900024,13
19/11/2019,1467.699951,1474.300049,1467.699951,1473.300049,1473.300049,141
20/11/2019,1472.599976,1474.5,1467.300049,1473.300049,1473.300049,18
21/11/2019,1463.099976,1463.099976,1463.099976,1463.099976,1463.099976,31
22/11/2019,1468.599976,1468.599976,1463.099976,1463.099976,1463.099976,16
25/11/2019,1457.099976,1457.099976,1455.5,1456.599976,1456.599976,19
26/11/2019,1459.800049,1459.800049,1459.800049,1459.800049,1459.800049,14
27/11/2019,1461.099976,1461.900024,1452,1453.400024,1453.400024,346362
2/12/2019,1462.800049,1464.400024,1453.300049,1462.300049,1462.300049,7020
3/12/2019,1461.599976,1480.400024,1459.5,1478.199951,1478.199951,2172
4/12/2019,1477.5,1483.400024,1471.199951,1474,1474,1460
5/12/2019,1474.699951,1478,1472.300049,1476.900024,1476.900024,613
6/12/2019,1475,1476,1458.199951,1459.099976,1459.099976,907
9/12/2019,1458.800049,1464.199951,1458.599976,1459.300049,1459.300049,899
10/12/2019,1460.699951,1467.199951,1460.699951,1462.599976,1462.599976,1461
11/12/2019,1463.099976,1475.400024,1463.099976,1469.400024,1469.400024,367
12/12/2019,1475.099976,1483.900024,1463.699951,1466.699951,1466.699951,393
13/12/2019,1463.099976,1475.900024,1463.099976,1475.599976,1475.599976,955
16/12/2019,1473.800049,1475.300049,1473.800049,1475,1475,468
17/12/2019,1474.099976,1476.900024,1474,1474.599976,1474.599976,99
18/12/2019,1472.599976,1472.599976,1472.599976,1472.599976,1472.599976,410
19/12/2019,1475.900024,1478.900024,1473.300049,1478.199951,1478.199951,250
20/12/2019,1476.699951,1478.099976,1474.699951,1474.699951,1474.699951,319
23/12/2019,1482.300049,1482.5,1479.900024,1482.5,1482.5,118
26/12/2019,1505.199951,1512.300049,1505,1509.300049,1509.300049,52
27/12/2019,1513.800049,1513.800049,1513.800049,1513.800049,1513.800049,126
30/12/2019,1512.599976,1515.099976,1510,1514.5,1514.5,839
31/12/2019,1513.800049,1523.400024,1513.800049,1519.5,1519.5,446
2/01/2020,1518.099976,1528.699951,1518,1524.5,1524.5,301
3/01/2020,1530.099976,1552.699951,1530.099976,1549.199951,1549.199951,214
5/01/2020,1562.699951,1590.900024,1562.300049,1571.300049,1571.300049,1601769
6/01/2020,1580,1580,1560.400024,1566.199951,1566.199951,107
7/01/2020,1558.300049,1576.300049,1558.300049,1571.800049,1571.800049,416
8/01/2020,1579.699951,1604.199951,1552.300049,1557.400024,1557.400024,47
9/01/2020,1555.699951,1555.699951,1543.300049,1551.699951,1551.699951,236
10/01/2020,1551.199951,1558.800049,1545.400024,1557.5,1557.5,54
12/01/2020,1563,1563.099976,1558.900024,1559.900024,1559.900024,207196
13/01/2020,1557.400024,1558,1548.400024,1548.400024,1548.400024,16
14/01/2020,1546.699951,1546.699951,1534.900024,1542.400024,1542.400024,48
15/01/2020,1548,1553.900024,1545.599976,1552.099976,1552.099976,32
16/01/2020,1555.699951,1556.099976,1548.5,1549,1549,11
17/01/2020,1554.099976,1558.800049,1553.599976,1558.800049,1558.800049,98
19/01/2020,1557.300049,1559.099976,1555.900024,1557.300049,1557.300049,97444
21/01/2020,1559.300049,1566.199951,1551,1556.400024,1556.400024,108
22/01/2020,1549.800049,1557.099976,1549.800049,1555.300049,1555.300049,45
23/01/2020,1553.099976,1564.599976,1552.199951,1564.599976,1564.599976,42
24/01/2020,1556.300049,1571.099976,1556.300049,1571.099976,1571.099976,15
26/01/2020,1580.5,1588.400024,1578.699951,1582.300049,1582.300049,858573
27/01/2020,1584.300049,1584.5,1576.800049,1576.800049,1576.800049,43
28/01/2020,1576.400024,1576.400024,1569.199951,1569.199951,1569.199951,22
29/01/2020,1569.800049,1569.800049,1569.800049,1569.800049,1569.800049,3
30/01/2020,1576.800049,1585,1571.400024,1583.5,1583.5,251274
31/01/2020,1573.400024,1589,1570,1582.900024,1582.900024,62336
2/02/2020,1597.800049,1598.5,1588.599976,1593.5,1593.5,372385
3/02/2020,1592.900024,1593.300049,1568.199951,1577.199951,1577.199951,1095
4/02/2020,1577.699951,1577.699951,1547.800049,1550.400024,1550.400024,1062
5/02/2020,1553.199951,1560.699951,1547.699951,1557.800049,1557.800049,978
6/02/2020,1553.599976,1565.599976,1551.599976,1565.099976,1565.099976,1305
7/02/2020,1564.900024,1571.900024,1560.5,1568.599976,1568.599976,110
9/02/2020,1575.800049,1580.199951,1569.300049,1577.300049,1577.300049,204217
10/02/2020,1569.300049,1574.699951,1568.599976,1574.699951,1574.699951,431
11/02/2020,1570.900024,1571.099976,1561.900024,1565.599976,1565.599976,128
12/02/2020,1565.199951,1568.699951,1561,1567.400024,1567.400024,440
13/02/2020,1570.199951,1575.099976,1570.199951,1575.099976,1575.099976,36
14/02/2020,1575.800049,1582.699951,1574.800049,1582.699951,1582.699951,74
16/02/2020,1585.099976,1586,1583.300049,1585.800049,1585.800049,161382
18/02/2020,1579.800049,1604.300049,1579.800049,1600,1600,68
19/02/2020,1600.599976,1610.5,1599.699951,1607.5,1607.5,310
20/02/2020,1606.5,1621,1603,1616.599976,1616.599976,542
21/02/2020,1619.300049,1645,1619.300049,1644.599976,1644.599976,117
23/02/2020,1656,1684.099976,1654.599976,1667.5,1667.5,1646902
24/02/2020,1657,1686.599976,1650,1672.400024,1672.400024,186
25/02/2020,1645.099976,1653.699951,1632.300049,1646.900024,1646.900024,435
26/02/2020,1644,1648.099976,1636.400024,1640,1640,409
27/02/2020,1643,1662.5,1636.699951,1643.099976,1643.099976,560547
28/02/2020,1646.099976,1651,1564,1642.5,1642.5,713044
1/03/2020,0,0,0,1564.099976,1564.099976,0
2/03/2020,1592.800049,1612.099976,1576.300049,1566.699951,1566.699951,427903
3/03/2020,1586,1650.5,1585.900024,1594.800049,1594.800049,446398
4/03/2020,1640.099976,1654.300049,1632.599976,1644.400024,1644.400024,297251
5/03/2020,1638.199951,1675.5,1635.599976,1643,1643,333945
6/03/2020,1673.099976,1692.800049,1642.400024,1668,1668,619051
8/03/2020,0,0,0,1670.800049,1670.800049,0
9/03/2020,1692.599976,1704.300049,1658,1672.400024,1672.400024,467110
10/03/2020,1679.599976,1681.300049,1641.099976,1675.699951,1675.699951,357858
11/03/2020,1649.300049,1671.800049,1632.400024,1660.300049,1660.300049,373462
12/03/2020,1633.099976,1651,1560.400024,1642.300049,1642.300049,553457
13/03/2020,1582.699951,1597.900024,1504,1590.300049,1590.300049,524471
15/03/2020,0,0,0,1515.699951,1515.699951,0
16/03/2020,1563.800049,1574.800049,1450.900024,1516.699951,1516.699951,535860
17/03/2020,1512.800049,1554.300049,1465.599976,1486.5,1486.5,415321
18/03/2020,1527.599976,1547,1473.300049,1525.800049,1525.800049,412332
19/03/2020,1487.199951,1502.800049,1460.099976,1477.900024,1477.900024,306016
20/03/2020,1471.599976,1519.400024,1457.5,1479.300049,1479.300049,253577
22/03/2020,1505,1510.699951,1484.599976,1495.599976,1495.599976,1415965
23/03/2020,1496.199951,1576,1488.199951,1575.699951,1575.699951,170446437
24/03/2020,1590.900024,1698,1578.800049,1696.099976,1696.099976,230724452
25/03/2020,1671.699951,1679,1615.199951,1638.099976,1638.099976,135796364
26/03/2020,1628.900024,1672.400024,1611,1636.599976,1636.599976,101608789
27/03/2020,1639.699951,1647.199951,1611.400024,1630.599976,1630.599976,50347295
29/03/2020,1641.199951,1673.599976,1634.400024,1664.199951,1664.199951,668394
30/03/2020,1645.5,1651.599976,1607.199951,1637.199951,1637.199951,79971500
31/03/2020,1637.199951,1641.599976,1570,1592.400024,1592.400024,79259106
1/04/2020,1596.800049,1612.400024,1571.5,1605.199951,1605.199951,85905097
2/04/2020,1598.699951,1645.599976,1586,1637.699951,1637.699951,81969792
3/04/2020,1634.800049,1652.800049,1619.800049,1648.800049,1648.800049,65942638
6/04/2020,1641.900024,1742.599976,1626.5,1730.699951,1730.699951,89924751
7/04/2020,1707.099976,1742.599976,1672,1693.900024,1693.900024,194263
8/04/2020,1683.099976,1695.800049,1662.5,1680.699951,1680.699951,66999389
9/04/2020,1684.300049,1754.5,1682.400024,1740.599976,1740.599976,90794733
12/04/2020,1742.300049,1747.699951,1731.800049,1738.199951,1738.199951,576785
13/04/2020,1730.300049,1772.800049,1730.099976,1769.400024,1769.400024,82922552
14/04/2020,1780.599976,1788.800049,1736,1751.300049,1751.300049,119041708
15/04/2020,1754.400024,1758.5,1724,1743.300049,1743.300049,99885419
16/04/2020,1743.099976,1768,1715,1730.099976,1730.099976,99128838
17/04/2020,1720.300049,1723.300049,1686.5,1694.5,1694.5,125232803
19/04/2020,1693.099976,1694.800049,1686.199951,1690.199951,1690.199951,380197
20/04/2020,1696.5,1718.400024,1680,1707.699951,1707.699951,99271986
21/04/2020,1705.400024,1718,1659.900024,1706,1706,126145255
22/04/2020,1703.099976,1742.400024,1695.400024,1687.800049,1687.800049,187864
23/04/2020,1737.599976,1764.199951,1735.5,1747.599976,1747.599976,100270320
24/04/2020,1746,1760.199951,1725.400024,1745.699951,1745.699951,89027416
26/04/2020,1740.199951,1743.300049,1737.099976,1741.400024,1741.400024,269034
27/04/2020,1742.300049,1745.800049,1717,1720.300049,1720.300049,80903668
28/04/2020,1713,1731.900024,1704.099976,1721,1721,96211082
29/04/2020,1724.800049,1733.5,1708.199951,1722.199951,1722.199951,156725
30/04/2020,1729.599976,1737,1687.5,1713.400024,1713.400024,228730
1/05/2020,1693.5,1714.400024,1676,1694.199951,1694.199951,164380
3/05/2020,1711.199951,1711.900024,1700.300049,1706.400024,1706.400024,474348
4/05/2020,1711.199951,1726,1700.300049,1700.900024,1700.900024,146307
5/05/2020,1703.900024,1717.800049,1695.400024,1712.099976,1712.099976,90856691
6/05/2020,1710.699951,1715.199951,1683.300049,1691.900024,1691.900024,98111911
7/05/2020,1695.300049,1733.199951,1686.800049,1723.199951,1723.199951,104619464
8/05/2020,1727,1735.5,1703.099976,1704.800049,1704.800049,106158530
10/05/2020,1706,1711.300049,1703.900024,1708.599976,1708.599976,350038
11/05/2020,1709.300049,1712.599976,1692.099976,1699.099976,1699.099976,98983723
